Секція M|ПОСЛУГИ ЩОДО ПРОФЕСІЙНОЇ, НАУКОВОЇ ТА ТЕХНІЧНОЇ ДІЯЛЬНОСТІ|
69|Послуги юридичні та бухгалтерські|
69.1|Послуги юридичні|
69.10|Послуги юридичні|
69.10.1|Послуги юридичні|
69.10.11|Послуги юридичні дорадчі та представницькі у сфері кримінального права|
69.10.11-00.00|Послуги юридичні дорадчі та представницькі у сфері кримінального права|
69.10.12|Послуги юридичні дорадчі та представницькі щодо судових процедур у сфері підприємницького та торговельного права|
69.10.12-00.00|Послуги юридичні дорадчі та представницькі щодо судових процедур у сфері підприємницького та торговельного права|
69.10.13|Послуги юридичні дорадчі та представницькі щодо судових процедур у сфері трудового права|
69.10.13-00.00|Послуги юридичні дорадчі та представницькі щодо судових процедур у сфері трудового права|
69.10.14|Послуги юридичні дорадчі та представницькі щодо судових процедур у сфері цивільного права|
69.10.14-00.00|Послуги юридичні дорадчі та представницькі щодо судових процедур у сфері цивільного права|
69.10.15|Послуги юридичні у сфері патентних прав, авторських прав та інших прав інтелектуальної власності|
69.10.15-00.00|Послуги юридичні у сфері патентних прав, авторських прав та інших прав інтелектуальної власності|
69.10.16|Послуги нотаріальні|
69.10.16-00.00|Послуги нотаріальні|
69.10.17|Послуги арбітражні та щодо примирення|
69.10.17-00.00|Послуги арбітражні та щодо примирення|
69.10.18|Послуги юридичні у сфері аукціонного продажу|
69.10.18-00.00|Послуги юридичні у сфері аукціонного продажу|
69.10.19|Послуги юридичні, інші|
69.10.19-00.00|Послуги юридичні, інші|
69.2|Послуги щодо бухгалтерського обліку, ведення бухгалтерських книг і аудиту; послуги щодо податкового консультування|
69.20|Послуги щодо бухгалтерського обліку, ведення бухгалтерських книг і аудиту; послуги щодо податкового консультування|
69.20.1|Послуги щодо фінансового аудиту|
69.20.10|Послуги щодо фінансового аудиту|
69.20.10-00.00|Послуги щодо фінансового аудиту|
69.20.2|Послуги щодо бухгалтерського обліку|
69.20.21|Послуги щодо бухгалтерського обліку|
69.20.21-00.00|Послуги щодо бухгалтерського обліку|
69.20.22|Послуги щодо складання фінансових декларацій|
69.20.22-00.00|Послуги щодо складання фінансових декларацій|
69.20.23|Послуги щодо ведення бухгалтерських книг|
69.20.23-00.00|Послуги щодо ведення бухгалтерських книг|
69.20.24|Послуги щодо оформлювання платіжних відомостей|
69.20.24-00.00|Послуги щодо оформлювання платіжних відомостей|
69.20.29|Послуги бухгалтерські, інші|
69.20.29-00.00|Послуги бухгалтерські, інші|
69.20.3|Послуги щодо податкового консультування|
69.20.31|Послуги щодо податкового консультування та підготування податкової декларації для підприємців|
69.20.31-00.00|Послуги щодо податкового консультування та підготування податкової декларації для підприємців|
69.20.32|Послуги щодо підготування податкової декларації та планування оподаткування для фізичних осіб|
69.20.32-00.00|Послуги щодо підготування податкової декларації та планування оподаткування для фізичних осіб|
69.20.4|Послуги, пов'язані з неплатоспроможністю та керуванням майном неспроможного боржника|
69.20.40|Послуги, пов'язані з неплатоспроможністю та керуванням майном неспроможного боржника|
69.20.40-00.00|Послуги, пов'язані з неплатоспроможністю та керуванням майном неспроможного боржника|
70|Послуги головних контор/офісів (канцелярій/бюро); послуги консультаційні у сфері керування|
70.1|Послуги головних контор/офісів (канцелярій/бюро)|
70.10|Послуги головних контор/офісів (канцелярій/бюро)|
70.10.1|Послуги головних контор/офісів (канцелярій/бюро)|
70.10.10|Послуги головних контор/офісів (канцелярій/бюро)|
70.10.10-00.00|Послуги головних контор/офісів (канцелярій/бюро)|
70.2|Послуги консультаційні у сфері керування|
70.21|Послуги щодо зв'язків з громадськістю та обміну інформацією|
70.21.1|Послуги щодо зв'язків з громадськістю та обміну інформацією|
70.21.10|Послуги щодо зв'язків з громадськістю та обміну інформацією|
70.21.10-00.00|Послуги щодо зв'язків з громадськістю та обміну інформацією|
70.22|Послуги консультаційні щодо керування підприємствами та іншого керування|
70.22.1|Послуги консультаційні щодо керування підприємствами|
70.22.11|Послуги консультаційні щодо стратегічного керування|
70.22.11-00.00|Послуги консультаційні щодо стратегічного керування|
70.22.12|Послуги консультаційні щодо керування фінансами (крім корпоративного оподаткування)|
70.22.12-00.00|Послуги консультаційні щодо керування фінансами (крім корпоративного оподаткування)|
70.22.13|Послуги консультаційні щодо керування маркетингом|
70.22.13-00.00|Послуги консультаційні щодо керування маркетингом|
70.22.14|Послуги консультаційні щодо керування людськими ресурсами|
70.22.14-00.00|Послуги консультаційні щодо керування людськими ресурсами|
70.22.15|Послуги консультаційні щодо керування виробництвом|
70.22.15-00.00|Послуги консультаційні щодо керування виробництвом|
70.22.16|Послуги консультаційні щодо керування ланцюгом постачання та іншого керування|
70.22.16-00.00|Послуги консультаційні щодо керування ланцюгом постачання та іншого керування|
70.22.17|Послуги щодо керування бізнес-процесами|
70.22.17-00.00|Послуги щодо керування бізнес-процесами|
70.22.2|Послуги щодо керування проектами, інші, крім послуг щодо керування будівельними проектами|
70.22.20|Послуги щодо керування проектами, інші, крім послуг щодо керування будівельними проектами|
70.22.20-00.00|Послуги щодо керування проектами, інші, крім послуг щодо керування будівельними проектами|
70.22.3|Послуги консультаційні щодо господарської діяльності, інші|
70.22.30|Послуги консультаційні щодо господарської діяльності, інші|
70.22.30-00.00|Послуги консультаційні щодо господарської діяльності, інші|
70.22.4|Знаки товарні й торгові марки|
70.22.40|Знаки товарні й торгові марки|
70.22.40-00.00|Знаки товарні й торгові марки|
71|Послуги архітектурні та інженерні; послуги щодо технічного випробовування та аналізування|
71.1|Послуги архітектурні та інженерні, пов'язані з ними послуги щодо технічного консультування|
71.11|Послуги архітектурні|
71.11.1|Плани та кресленики архітектурні|
71.11.10|Плани та кресленики архітектурні|
71.11.10-00.00|Плани та кресленики архітектурні|4906 00 00
71.11.2|Послуги архітектурні щодо будівель|
71.11.21|Послуги архітектурні щодо проектів житлових будівель|
71.11.21-00.00|Послуги архітектурні щодо проектів житлових будівель|
71.11.22|Послуги архітектурні щодо проектів нежитлових будівель|
71.11.22-00.00|Послуги архітектурні щодо проектів нежитлових будівель|
71.11.23|Послуги архітектурні щодо реставрування історичних будівель|
71.11.23-00.00|Послуги архітектурні щодо реставрування історичних будівель|
71.11.24|Послуги архітектурні консультаційні|
71.11.24-00.00|Послуги архітектурні консультаційні|
71.11.3|Послуги щодо планування міських і сільських поселень|
71.11.31|Послуги щодо планування міських поселень|
71.11.31-00.00|Послуги щодо планування міських поселень|
71.11.32|Послуги щодо планування сільських поселень|
71.11.32-00.00|Послуги щодо планування сільських поселень|
71.11.33|Послуги щодо розробляння генеральних планів забудов|
71.11.33-00.00|Послуги щодо розробляння генеральних планів забудов|
71.11.4|Послуги щодо ландшафтної архітектури та консультаційні послуги у сфері ландшафтної архітектури|
71.11.41|Послуги щодо ландшафтної архітектури|
71.11.41-00.00|Послуги щодо ландшафтної архітектури|
71.11.42|Послуги консультаційні у сфері ландшафтної архітектури|
71.11.42-00.00|Послуги консультаційні у сфері ландшафтної архітектури|
71.12|Послуги інженерні та пов'язані з ними послуги щодо технічного консультування|
71.12.1|Послуги інженерні|
71.12.11|Послуги інженерні консультаційні|
71.12.11-00.00|Послуги інженерні консультаційні|
71.12.12|Послуги інженерні щодо проектів будівель|
71.12.12-00.00|Послуги інженерні щодо проектів будівель|
71.12.13|Послуги інженерні щодо енергетичних об'єктів|
71.12.13-00.00|Послуги інженерні щодо енергетичних об'єктів|
71.12.14|Послуги інженерні щодо об'єктів транспортної інфраструктури|
71.12.14-00.00|Послуги інженерні щодо об'єктів транспортної інфраструктури|
71.12.15|Послуги інженерні у сфері поводження з відходами|
71.12.15-00.00|Послуги інженерні у сфері поводження з відходами|
71.12.16|Послуги інженерні щодо проектів водопостачання, каналізації та дренування|
71.12.16-00.00|Послуги інженерні щодо проектів водопостачання, каналізації та дренування|
71.12.17|Послуги інженерні щодо проектів у виробничих і переробчих галузях промисловості|
71.12.17-00.00|Послуги інженерні щодо проектів у виробничих і переробчих галузях промисловості|
71.12.18|Послуги інженерні у сфері телекомунікацій і телерадіомовлення|
71.12.18-00.00|Послуги інженерні у сфері телекомунікацій і телерадіомовлення|
71.12.19|Послуги інженерні щодо інших проектів|
71.12.19-00.00|Послуги інженерні щодо інших проектів|
71.12.2|Послуги щодо керування будівельними проектами|
71.12.20|Послуги щодо керування будівельними проектами|
71.12.20-00.00|Послуги щодо керування будівельними проектами|
71.12.3|Послуги геологічні, геофізичні та пов'язані з ними вишукувальні та консультаційні послуги|
71.12.31|Послуги консультаційні геологічні та геофізичні|
71.12.31-00.00|Послуги консультаційні геологічні та геофізичні|
71.12.32|Послуги геофізичні|
71.12.32-00.00|Послуги геофізичні|
71.12.33|Послуги щодо пошуку та оцінювання родовищ корисних копалин|
71.12.33-00.00|Послуги щодо пошуку та оцінювання родовищ корисних копалин|
71.12.34|Послуги щодо досліджування земної поверхні|
71.12.34-00.00|Послуги щодо досліджування земної поверхні|
71.12.35|Послуги картографічні|
71.12.35-00.00|Послуги картографічні|
71.2|Послуги щодо технічного випробовування й аналізування|
71.20|Послуги щодо технічного випробовування й аналізування|
71.20.1|Послуги щодо технічного випробовування й аналізування|
71.20.11|Послуги щодо випробовування й аналізування складу та чистоти|
71.20.11-00.00|Послуги щодо випробовування й аналізування складу та чистоти|
71.20.12|Послуги щодо випробовування й аналізування фізичних властивостей|
71.20.12-00.00|Послуги щодо випробовування й аналізування фізичних властивостей|
71.20.13|Послуги щодо випробовування й аналізування зінтегрованих механічних і електричних систем|
71.20.13-00.00|Послуги щодо випробовування й аналізування зінтегрованих механічних і електричних систем|
71.20.14|Послуги щодо технічного інспектування дорожньо-транспортних засобів|
71.20.14-00.00|Послуги щодо технічного інспектування дорожньо-транспортних засобів|
71.20.19|Послуги щодо технічного випробовування й аналізування, інші|
71.20.19-01|Послуги щодо калібрування засобів вимірювання|
71.20.19-01.01|Послуги щодо калібрування засобів вимірювання геометричних величин|
71.20.19-01.02|Послуги щодо калібрування засобів вимірювання маси|
71.20.19-01.03|Послуги щодо калібрування засобів вимірювання сили та твердості|
71.20.19-01.04|Послуги щодо калібрування засобів вимірювання тиску|
71.20.19-01.05|Послуги щодо калібрування засобів вимірювання вакууму|
71.20.19-01.06|Послуги щодо калібрування засобів вимірювання параметрів руху|
71.20.19-01.07|Послуги щодо калібрування засобів вимірювання витрат і кількості рідин газів|
71.20.19-01.08|Послуги щодо калібрування засобів вимірювання густини та в'язкості|
71.20.19-01.09|Послуги щодо калібрування засобів вимірювання фізико-хімічних величин|
71.20.19-01.10|Послуги щодо калібрування засобів вимірювання температурних теплофізичних величин|
71.20.19-01.11|Послуги щодо калібрування засобів вимірювання оптичних та оптико-фізичних величин|
71.20.19-01.12|Послуги щодо калібрування засобів вимірювання акустичних величин|
71.20.19-01.13|Послуги щодо калібрування засобів вимірювання електричних величин|
71.20.19-01.14|Послуги щодо калібрування засобів вимірювання магнітних величин|
71.20.19-01.15|Послуги щодо калібрування засобів вимірювання часу та частоти|
71.20.19-01.16|Послуги щодо калібрування засобів вимірювання радіотехнічних величин|
71.20.19-01.17|Послуги щодо калібрування засобів вимірювання іонізівного випромінювання|
71.20.19-02.00|Послуги щодо сертифікації продукції|
71.20.19-99.00|Послуги щодо технічного випробування й аналізування, інші, н. в. і. у.|
72|Послуги щодо наукового досліджування та експериментального розробляння|
72.1|Послуги щодо наукового досліджування та експериментального розробляння у сфері природничих і технічних наук|
72.11|Послуги щодо наукового досліджування та експериментального розробляння біотехнологій|
72.11.1|Послуги щодо наукового досліджування та експериментального розробляння біотехнологій у сфері охорони здоров'я, охорони довкілля, сільського господарства та інших сферах|
72.11.11|Послуги щодо наукового досліджування та експериментального розробляння біотехнологій у сфері охорони здоров'я|
72.11.11-00.00|Послуги щодо наукового досліджування та експериментального розробляння біотехнологій у сфері охорони здоров'я|
72.11.12|Послуги щодо наукового досліджування та експериментального розробляння біотехнологій у сфері охорони довкілля та промисловості|
72.11.12-00.00|Послуги щодо наукового досліджування та експериментального розробляння біотехнологій у сфері охорони довкілля та промисловості|
72.11.13|Послуги щодо наукового досліджування та експериментального розробляння біотехнологій у сфері сільського господарства|
72.11.13-00.00|Послуги щодо наукового досліджування та експериментального розробляння біотехнологій у сфері сільського господарства|
72.11.2|Результати наукового досліджування та експериментального розробляння біотехнологій|
72.11.20|Результати наукового досліджування та експериментального розробляння біотехнологій|
72.11.20-00.00|Результати наукового досліджування та експериментального розробляння біотехнологій|
72.19|Послуги щодо наукового досліджування та експериментального розробляння у сфері інших природничих і технічних наук|
72.19.1|Послуги щодо наукового досліджування та експериментального розробляння у сфері інших природничих наук|
72.19.11|Послуги щодо наукового досліджування та експериментального розробляння у сфері математичних наук|
72.19.11-00.00|Послуги щодо наукового досліджування та експериментального розробляння у сфері математичних наук|
72.19.12|Послуги щодо наукового досліджування та експериментального розробляння у сфері комп'ютерної техніки та інформатики|
72.19.12-00.00|Послуги щодо наукового досліджування та експериментального розробляння у сфері комп'ютерної техніки та інформатики|
72.19.13|Послуги щодо наукового досліджування та експериментального розробляння у сфері фізичних наук|
72.19.13-00.00|Послуги щодо наукового досліджування та експериментального розробляння у сфері фізичних наук|
72.19.14|Послуги щодо наукового досліджування та експериментального розробляння у сфері хімії|
72.19.14-00.00|Послуги щодо наукового досліджування та експериментального розробляння у сфері хімії|
72.19.15|Послуги щодо наукового досліджування та експериментального розробляння у сфері землезнавства та суміжних досліджень навколишнього середовища|
72.19.15-00.00|Послуги щодо наукового досліджування та експериментального розробляння у сфері землезнавства та суміжніх досліджень навколишнього середовища|
72.19.16|Послуги щодо наукового досліджування та експериментального розробляння у сфері біологічних наук|
72.19.16-00.00|Послуги щодо наукового досліджування та експериментального розробляння у сфері біологічних наук|
72.19.19|Послуги щодо наукового досліджування та експериментального розробляння у сфері інших природничих наук|
72.19.19-00.00|Послуги щодо наукового досліджування та експериментального розробляння у сфері інших природничих наук|
72.19.2|Послуги щодо наукового досліджування та експериментального розробляння у сфері техніки та технологій, крім біотехнологій|
72.19.21|Послуги щодо наукового досліджування та експериментального розробляння у сфері нанотехнологій|
72.19.21-00.00|Послуги щодо наукового досліджування та експериментального розробляння у сфері нанотехнологій|
72.19.29|Послуги щодо наукового досліджування та експериментального розробляння у сфері техніки та технологій, інші, крім біотехнологій|
72.19.29-00.00|Послуги щодо наукового досліджування та експериментального розробляння у сфері техніки та технологій, інші, крім біотехнологій|
72.19.3|Послуги щодо наукового досліджування та експериментального розробляння у сфері медичних наук|
72.19.30|Послуги щодо наукового досліджування та експериментального розробляння у сфері медичних наук|
72.19.30-00.00|Послуги щодо наукового досліджування та експериментального розробляння у сфері медичних наук|
72.19.4|Послуги щодо наукового досліджування та експериментального розробляння у сфері сільськогосподарських наук|
72.19.40|Послуги щодо наукового досліджування та експериментального розробляння у сфері сільськогосподарських наук|
72.19.40-00.00|Послуги щодо наукового досліджування та експериментального розробляння у сфері сільськогосподарських наук|
72.19.5|Результати наукового досліджування та експериментального розробляння у сфері природничих наук та інженерії, крім біотехнологій|
72.19.50|Результати наукового досліджування та експериментального розробляння у сфері природничих наук та інженерії, крім біотехнологій|
72.19.50-00.00|Результати наукового досліджування та експериментального розробляння у сфері природничих наук та інженерії, крім біотехнологій|
72.2|Послуги щодо наукового досліджування та експериментального розробляння у сфері суспільних і гуманітарних наук|
72.20|Послуги щодо наукового досліджування та експериментального розробляння у сфері суспільних і гуманітарних наук|
72.20.1|Послуги щодо наукового досліджування та експериментального розробляння у сфері суспільних наук|
72.20.11|Послуги щодо наукового досліджування та експериментального розробляння у сфері економіки та підприємництва|
72.20.11-00.00|Послуги щодо наукового досліджування та експериментального розробляння у сфері економіки та підприємництва|
72.20.12|Послуги щодо наукового досліджування та експериментального розробляння у сфері психології|
72.20.12-00.00|Послуги щодо наукового досліджування та експериментального розробляння у сфері психології|
72.20.13|Послуги щодо наукового досліджування та експериментального розробляння у сфері права|
72.20.13-00.00|Послуги щодо наукового досліджування та експериментального розробляння у сфері права|
72.20.19|Послуги щодо наукового досліджування та експериментального розробляння у сфері інших суспільних наук|
72.20.2|Послуги щодо наукового досліджування та експериментального розробляння у сфері гуманітарних наук|
72.20.21|Послуги щодо наукового досліджування та експериментального розробляння у сфері мовознавства та літературознавства|
72.20.21-00.00|Послуги щодо наукового досліджування та експериментального розробляння у сфері мовознавства та літературознавства|
72.20.29|Послуги щодо наукового досліджування та експериментального розробляння у сфері гуманітарних наук, інші|
72.20.29-00.00|Послуги щодо наукового досліджування та експериментального розробляння у сфері гуманітарних наук, інші|
72.20.3|Результати наукового досліджування та розробляння у сфері суспільних і гуманітарних наук|
72.20.30|Результати наукового досліджування та розробляння у сфері суспільних і гуманітарних наук|
72.20.30-00.00|Результати наукового досліджування та розробляння у сфері суспільних і гуманітарних наук|
73|Послуги рекламні та щодо досліджування ринку|
73.1|Послуги рекламні|
73.11|Послуги рекламних агентств|
73.11.1|Послуги рекламних агентств|
73.11.11|Послуги рекламні за повним циклом|
73.11.11-00.00|Послуги рекламні за повним циклом|
73.11.12|Послуги щодо прямого маркетингу та адресного розсилання|
73.11.12-00.00|Послуги щодо прямого маркетингу та адресного розсилання|
73.11.13|Послуги щодо розробляння рекламного дизайну та рекламних концепцій|
73.11.13-00.00|Послуги щодо розробляння рекламного дизайну та рекламних концепцій|
73.11.19|Послуги рекламні, інші|
73.11.19-00.00|Послуги рекламні, інші|
73.12|Послуги щодо подання в засобах масової інформації|
73.12.1|Послуги посередників щодо продажу рекламного місця|
73.12.11|Послуги посередників щодо продажу рекламного місця у друкованих засобах масової інформації|
73.12.11-00.00|Послуги посередників щодо продажу рекламного місця у друкованих засобах масової інформації|
73.12.12|Послуги посередників щодо продажу рекламного місця чи часу на телебаченні та радіо|
73.12.12-00.00|Послуги посередників щодо продажу рекламного місця чи часу на телебаченні та радіо|
73.12.13|Послуги посередників щодо продажу рекламного місця чи часу в Інтернеті|
73.12.13-00.00|Послуги посередників щодо продажу рекламного місця чи часу в Інтернеті|
73.12.14|Продаж реклами, пов'язаної з конкретними подіями|
73.12.14-00.00|Продаж реклами, пов'язаної з конкретними подіями|
73.12.19|Послуги посередників щодо продажу рекламного місця чи часу, інші|
73.12.19-00.00|Послуги посередників щодо продажу рекламного місця чи часу, інші|
73.12.2|Послуги посередників щодо перепродажу рекламного місця чи часу|
73.12.20|Послуги посередників щодо перепродажу рекламного місця чи часу|
73.12.20-00.00|Послуги посередників щодо перепродажу рекламного місця чи часу|
73.2|Послуги щодо досліджування ринку та визначання громадської думки|
73.20|Послуги щодо досліджування ринку та визначання громадської думки|
73.20.1|Послуги щодо досліджування ринку та подібні послуги|
73.20.11|Послуги щодо досліджування ринку: якісні обстеження|
73.20.11-00.00|Послуги щодо досліджування ринку: якісні обстеження|
73.20.12|Послуги щодо досліджування ринку: кількісні спеціальні обстеження|
73.20.12-00.00|Послуги щодо досліджування ринку: кількісні спеціальні обстеження|
73.20.13|Послуги щодо досліджування ринку: кількісні постійні чи регулярні обстеження|
73.20.13-00.00|Послуги щодо досліджування ринку: кількісні постійні чи регулярні обстеження|
73.20.14|Послуги щодо досліджування ринку, крім обстежень|
73.20.14-00.00|Послуги щодо досліджування ринку, крім обстежень|
73.20.19|Послуги щодо досліджування ринку, інші|
73.20.19-00.00|Послуги щодо досліджування ринку, інші|
73.20.2|Послуги щодо визначання громадської думки|
73.20.20|Послуги щодо визначання громадської думки|
73.20.20-00.00|Послуги щодо визначання громадської думки|
74|Послуги професійні, наукові та технічні, інші|
74.1|Послуги щодо проектування спеціалізовані|
74.10|Послуги щодо проектування спеціалізовані|
74.10.1|Послуги щодо проектування інтер'єрів, промислової продукції та інші спеціалізовані послуги щодо проектування|
74.10.11|Послуги щодо проектування інтер'єрів|
74.10.11-00.00|Послуги щодо проектування інтер'єрів|
74.10.12|Послуги щодо проектування промислової продукції|
74.10.12-00.00|Послуги щодо проектування промислової продукції|
74.10.19|Послуги щодо проектування спеціалізовані, інші|
74.10.19-00.00|Послуги щодо проектування спеціалізовані, інші|
74.10.2|Результати проектних рішень|
74.10.20|Результати проектних рішень|
74.10.20-00.00|Результати проектних рішень|
74.2|Послуги фотографічні|
74.20|Послуги фотографічні|
74.20.1|Пластинки та плівки фотографічні, крім кінематографічних, експоновані|
74.20.11|Пластинки та плівки фотографічні, експоновані, але не проявлені|
74.20.11-00.00|Пластинки та плівки фотографічні, експоновані, але не проявлені|3704 00 10,3704 00 90
74.20.12|Пластинки та плівки фотографічні, експоновані та проявлені, для офсетного друку|
74.20.12-00.00|Пластинки та плівки фотографічні, експоновані та проявлені, для офсетного друку|3705 10 00
74.20.19|Пластинки та плівки фотографічні, експоновані та проявлені, інші|
74.20.19-00.00|Пластинки та плівки фотографічні, експоновані та проявлені, інші|3705 90 10,3705 90 90
74.20.2|Послуги фотографічні спеціалізовані|
74.20.21|Послуги щодо портретного фотографування|
74.20.21-00.00|Послуги щодо портретного фотографування|
74.20.22|Послуги щодо рекламного фотографування та суміжні фотографічні послуги|
74.20.22-00.00|Послуги щодо рекламного фотографування та суміжні фотографічні послуги|
74.20.23|Послуги щодо фотографування та відеознімання урочистих подій|
74.20.23-00.00|Послуги щодо фотографування та відеознімання урочистих подій|
74.20.24|Послуги щодо аерофотографування|
74.20.24-00.00|Послуги щодо аерофотографування|
74.20.29|Послуги фотографічні спеціалізовані, інші|
74.20.29-00.00|Послуги фотографічні спеціалізовані, інші|
74.20.3|Послуги фотографічні, інші|
74.20.31|Послуги щодо обробляння фотографій|
74.20.31-00.00|Послуги щодо обробляння фотографій|
74.20.32|Послуги щодо реставрування та ретушування фотографій|
74.20.32-00.00|Послуги щодо реставрування та ретушування фотографій|
74.20.39|Послуги фотографічні, інші, н. в. і. у.|
74.20.39-00.00|Послуги фотографічні, інші, н. в. і. у.|
74.3|Послуги щодо письмового та усного перекладів|
74.30|Послуги щодо письмового та усного перекладів|
74.30.1|Послуги щодо письмового та усного перекладів|
74.30.11|Послуги щодо письмового перекладу|
74.30.11-00.00|Послуги щодо письмового перекладу|
74.30.12|Послуги щодо усного перекладу|
74.30.12-00.00|Послуги щодо усного перекладу|
74.9|Послуги професійні, наукові та технічні, інші, н. в. і. у.|
74.90|Послуги професійні, наукові та технічні, інші, н. в. і. у.|
74.90.1|Послуги щодо надання професійної та технічної допомоги та консультаційні, н. в. і. у.|
74.90.11|Послуги щодо перевіряння рахунків-фактур і надання інформації про фрахтові ставки|
74.90.11-00.00|Послуги щодо перевіряння рахунків-фактур і надання інформації про фрахтові ставки|
74.90.12|Послуги брокерські та оцінювальні щодо об'єктів підприємництва, крім пов'язаних з нерухомістю та страхуванням|
74.90.12-00.00|Послуги брокерські та оцінювальні щодо об'єктів підприємництва, крім пов'язаних з нерухомістю та страхуванням|
74.90.13|Послуги консультаційні щодо охорони довкілля|
74.90.13-00.00|Послуги консультаційні щодо охорони довкілля|
74.90.14|Послуги щодо прогнозування погоди та метеорологічні послуги|
74.90.14-00.00|Послуги щодо прогнозування погоди та метеорологічні послуги|
74.90.15|Послуги консультаційні щодо безпеки|
74.90.15-00.00|Послуги консультаційні щодо безпеки|
74.90.19|Послуги наукові та технічні консультаційні, інші, н. в. і. у.|
74.90.19-00.00|Послуги наукові та технічні консультаційні, інші, н. в. і. у.|
74.90.2|Послуги професійні, технічні та комерційні, інші, н. в. і. у.|
74.90.20|Послуги професійні, технічні та комерційні, інші, н. в. і. у.|
74.90.20-00.00|Послуги професійні, технічні та комерційні, інші, н. в. і. у.|
75|Послуги ветеринарні|
75.0|Послуги ветеринарні|
75.00|Послуги ветеринарні|
75.00.1|Послуги ветеринарні|
75.00.11|Послуги ветеринарні для домашніх тварин|
75.00.11-00.00|Послуги ветеринарні для домашніх тварин|
75.00.12|Послуги ветеринарні для сільськогосподарських тварин|
75.00.12-00.00|Послуги ветеринарні для сільськогосподарських тварин|
75.00.19|Послуги ветеринарні, інші|
75.00.19-00.00|Послуги ветеринарні, інші|