Секція R|ПОСЛУГИ У СФЕРІ МИСТЕЦТВ, ВИДОВИЩНО-РОЗВАЖАЛЬНОЇ ТА ВІДПОЧИНКОВОЇ ДІЯЛЬНОСТІ|
90|Послуги творчі, мистецькі та видовищно-розважальні|
90.0|Послуги творчі, мистецькі та видовищно-розважальні|
90.01|Послуги артистів-виконавців|
90.01.1|Послуги артистів-виконавців|
90.01.10|Послуги артистів-виконавців|
90.01.10-00.00|Послуги артистів-виконавців|
90.02|Послуги допоміжні щодо виконавського мистецтва|
90.02.1|Послуги допоміжні щодо виконавського мистецтва|
90.02.11|Послуги щодо створювання та подання творів виконавського мистецтва|
90.02.11-00.00|Послуги щодо створювання та подання творів виконавського мистецтва|
90.02.12|Послуги щодо пропагування й організовування показу творів виконавського мистецтва|
90.02.12-00.00|Послуги щодо пропагування й організовування показу творів виконавського мистецтва|
90.02.19|Послуги допоміжні щодо виконавського мистецтва, інші|
90.02.19-00.00|Послуги допоміжні щодо виконавського мистецтва, інші|
90.03|Творчість мистецька|
90.03.1|Творчість мистецька|
90.03.11|Послуги, надавані письменниками, композиторами, скульпторами та іншими митцями, крім артистів-виконавців|
90.03.11-00.00|Послуги, надавані письменниками, композиторами, скульпторами та іншими митцями, крім артистів-виконавців|
90.03.12|Твори письменників, композиторів та інших митців, крім артистів-виконавців, художників, графіків і скульпторів|
90.03.12-00.00|Твори письменників, композиторів та інших митців, крім артистів-виконавців, художників, графіків і скульпторів|
90.03.13|Твори художників, графіків і скульпторів|
90.03.13-00.00|Твори художників, графіків і скульпторів|9701 10 00,9701 90 00,9702 00 00,9703 00 00
90.04|Послуги, пов'язані з закладами культурно-мистецької призначеності|
90.04.1|Послуги, пов'язані з закладами культурно-мистецької призначеності|
90.04.10|Послуги, пов'язані з закладами культурно-мистецької призначеності|
90.04.10-00.00|Послуги, пов'язані з закладами культурно-мистецької призначеності|
91|Послуги бібліотек, архівів, музеїв та інші послуги у сфері культури|
91.0|Послуги бібліотек, архівів, музеїв та інші послуги у сфері культури|
91.01|Послуги бібліотек і архівів|
91.01.1|Послуги бібліотек і архівів|
91.01.11|Послуги бібліотек|
91.01.11-00.00|Послуги бібліотек|
91.01.12|Послуги архівів|
91.01.12-00.00|Послуги архівів|
91.02|Послуги музеїв|
91.02.1|Послуги музеїв|
91.02.10|Послуги музеїв|
91.02.10-00.00|Послуги музеїв|
91.02.2|Колекції музейні|
91.02.20|Колекції музейні|
91.02.20-00.00|Колекції музейні|9704 00 00,9705 00 00,9706 00 00
91.03|Послуги, пов'язані з історичними місцями та будівлями й подібними туристично привабливими об'єктами|
91.03.1|Послуги, пов'язані з історичними місцями та будівлями й подібними туристично привабливими об'єктами|
91.03.10|Послуги, пов'язані з історичними місцями та будівлями й подібними туристично привабливими об'єктами|
91.03.10-00.00|Послуги, пов'язані з історичними місцями та будівлями й подібними туристично привабливими об'єктами|
91.04|Послуги ботанічних садів, зоопарків і природних заповідників|
91.04.1|Послуги ботанічних садів, зоопарків і природних заповідників|
91.04.11|Послуги ботанічних садів і зоопарків|
91.04.11-00.00|Послуги ботанічних садів і зоопарків|
91.04.12|Послуги природних заповідників, зокрема послуги щодо зберігання дикої природи|
91.04.12-00.00|Послуги природних заповідників, зокрема послуги щодо зберігання дикої природи|
92|Послуги щодо організовування азартних ігор і укладання парі|
92.0|Послуги щодо організовування азартних ігор і укладання парі|
92.00|Послуги щодо організовування азартних ігор і укладання парі|
92.00.1|Послуги щодо організовування азартних ігор|
92.00.11|Послуги, пов'язані з грою за гральним столом|
92.00.11-00.00|Послуги, пов'язані з грою за гральним столом|
92.00.12|Послуги, пов'язані з грою на ігровому автоматі|
92.00.12-00.00|Послуги, пов'язані з грою на ігровому автоматі|
92.00.13|Послуги щодо організовування лотерей, ігор з числами та лото|
92.00.13-00.00|Послуги щодо організовування лотерей, ігор з числами та лото|
92.00.14|Послуги щодо організовування азартних ігор оперативнодоступні (у режимі on-line)|
92.00.14-00.00|Послуги щодо організовування азартних ігор оперативнодоступні (у режимі on-line)|
92.00.19|Послуги щодо організовування азартних ігор, інші|
92.00.19-00.00|Послуги щодо організовування азартних ігор, інші|
92.00.2|Послуги щодо укладання парі|
92.00.21|Послуги щодо укладання парі оперативнодоступні (у режимі on-line)|
92.00.21-00.00|Послуги щодо укладання парі оперативнодоступні (у режимі on-line)|
92.00.29|Послуги щодо укладання парі, інші|
92.00.29-00.00|Послуги щодо укладання парі, інші|
93|Послуги у сфері спорту та послуги щодо організовування розваг і відпочинку|
93.1|Послуги у сфері спорту|
93.11|Послуги, пов'язані з використанням спортивних споруд|
93.11.1|Послуги, пов'язані з використанням спортивних споруд|
93.11.10|Послуги, пов'язані з використанням спортивних споруд|
93.11.10-00.00|Послуги, пов'язані з використанням спортивних споруд|
93.12|Послуги спортивних клубів|
93.12.1|Послуги спортивних клубів|
93.12.10|Послуги спортивних клубів|
93.12.10-00.00|Послуги спортивних клубів|
93.13|Послуги фітнес-закладів|
93.13.1|Послуги фітнес-закладів|
93.13.10|Послуги фітнес-закладів|
93.13.10-00.00|Послуги фітнес-закладів|
93.19|Послуги у сфері спорту, інші|
93.19.1|Послуги у сфері спорту, інші|
93.19.11|Послуги щодо сприяння спортивним заходам і спортивно-оздоровчим заходам|
93.19.11-00.00|Послуги щодо сприяння спортивним заходам і спортивно-оздоровчим заходам|
93.19.12|Послуги атлетів|
93.19.12-00.00|Послуги атлетів|
93.19.13|Послуги допоміжні, пов'язані зі спортом і рекреацією|
93.19.13-00.00|Послуги допоміжні, пов'язані зі спортом і рекреацією|
93.19.19|Послуги у сфері спорту та рекреаційного спорту, інші|
93.19.19-00.00|Послуги у сфері спорту та рекреаційного спорту, інші|
93.2|Послуги розважально-відпочинкові та рекреаційні|
93.21|Послуги розважально-відпочинкових парків і тематичних парків|
93.21.1|Послуги розважально-відпочинкових парків і тематичних парків|
93.21.10|Послуги розважально-відпочинкових парків і тематичних парків|
93.21.10-00.00|Послуги розважально-відпочинкових парків і тематичних парків|
93.29|Послуги розважально-відпочинкові та рекреаційні, інші|
93.29.1|Послуги рекреаційні, інші, н. в. і. у.|
93.29.11|Послуги рекреаційних парків і пляжів|
93.29.11-00.00|Послуги рекреаційних парків і пляжів|
93.29.19|Послуги рекреаційні різні, н. в. і. у.|
93.29.19-00.00|Послуги рекреаційні різні, н. в. і. у.|
93.29.2|Послуги розважальні, інші, н. в. і. у.|
93.29.21|Послуги щодо влаштовування феєрверків і світлозвукових видовищ|
93.29.21-00.00|Послуги щодо влаштовування феєрверків і світлозвукових видовищ|
93.29.22|Послуги, пов'язані з грою на ігрових автоматах з монетоприймачем|
93.29.22-00.00|Послуги, пов'язані з грою на ігрових автоматах з монетоприймачем|
93.29.29|Послуги видовищно-розважальні, н. в. і. у.|
93.29.29-00.00|Послуги видовищно-розважальні, н. в. і. у.|