Секція Q|ПОСЛУГИ У СФЕРІ ОХОРОНИ ЗДОРОВ'Я ТА СОЦІАЛЬНОЇ ДОПОМОГИ|
86|Послуги у сфері охорони здоров'я|
86.1|Послуги лікувальних закладів|
86.10|Послуги лікувальних закладів|
86.10.1|Послуги лікувальних закладів|
86.10.11|Послуги хірургічних лікувальних закладів|
86.10.11-00.00|Послуги хірургічних лікувальних закладів|
86.10.12|Послуги гінекологічних і акушерських лікувальних закладів|
86.10.12-00.00|Послуги гінекологічних і акушерських лікувальних закладів|
86.10.13|Послуги реабілітаційних лікувальних закладів|
86.10.13-00.00|Послуги реабілітаційних лікувальних закладів|
86.10.14|Послуги психіатричних лікувальних закладів|
86.10.14-00.00|Послуги психіатричних лікувальних закладів|
86.10.15|Послуги лікувальні, надавані лікарями, інші|
86.10.15-00.00|Послуги лікувальні, надавані лікарями, інші|
86.10.19|Послуги лікувальних закладів, інші|
86.10.19-00.00|Послуги лікувальних закладів, інші|
86.2|Послуги у сфері лікарської та стоматологічної практики|
86.21|Послуги у сфері загальної лікарської практики|
86.21.1|Послуги у сфері загальної лікарської практики|
86.21.10|Послуги у сфері загальної лікарської практики|
86.21.10-00.00|Послуги у сфері загальної лікарської практики|
86.22|Послуги у сфері спеціалізованої лікарської практики|
86.22.1|Послуги у сфері спеціалізованої лікарської практики|
86.22.11|Послуги щодо аналізування й інтерпретування медичних зображень|
86.22.11-00.00|Послуги щодо аналізування й інтерпретування медичних зображень|
86.22.19|Послуги у сфері спеціалізованої лікарської практики, інші|
86.22.19-00.00|Послуги у сфері спеціалізованої лікарської практики, інші|
86.23|Послуги стоматологічні|
86.23.1|Послуги стоматологічні|
86.23.11|Послуги ортодонтичні|
86.23.11-00.00|Послуги ортодонтичні|
86.23.19|Послуги стоматологічні, інші|
86.23.19-00.00|Послуги стоматологічні, інші|
86.9|Послуги у сфері охорони здоров'я, інші|
86.90|Послуги у сфері охорони здоров'я, інші|
86.90.1|Послуги у сфері охорони здоров'я, інші|
86.90.11|Послуги, пов'язані з вагітністю|
86.90.11-00.00|Послуги, пов'язані з вагітністю|
86.90.12|Послуги щодо доглядання за хворими|
86.90.12-00.00|Послуги щодо доглядання за хворими|
86.90.13|Послуги фізіотерапевтичні|
86.90.13-00.00|Послуги фізіотерапевтичні|
86.90.14|Послуги швидкої медичної допомоги|
86.90.14-00.00|Послуги швидкої медичної допомоги|
86.90.15|Послуги медичних лабораторій|
86.90.15-00.00|Послуги медичних лабораторій|
86.90.16|Послуги банків крові, сперми та органів для трансплантації|
86.90.16-00.00|Послуги банків крові, сперми та органів для трансплантації|
86.90.17|Послуги щодо діагностичної візуалізації без інтерпретації|
86.90.17-00.00|Послуги щодо діагностичної візуалізації без інтерпретації|
86.90.18|Послуги у сфері психогігієни|
86.90.18-00.00|Послуги у сфері психогігієни|
86.90.19|Послуги у сфері охорони здоров'я, інші, н. в. і. у.|
86.90.19-00.00|Послуги у сфері охорони здоров'я, інші, н. в. і. у.|
87|Послуги стаціонарних закладів медико-соціального доглядання|
87.1|Послуги стаціонарних закладів сестринського доглядання|
87.10|Послуги стаціонарних закладів сестринського доглядання|
87.10.1|Послуги стаціонарних закладів сестринського доглядання|
87.10.10|Послуги стаціонарних закладів сестринського доглядання|
87.10.10-00.00|Послуги стаціонарних закладів сестринського доглядання|
87.2|Послуги стаціонарних закладів медико-соціального доглядання за людьми з розумовою відсталістю, психічними розладами та наркотичною залежністю|
87.20|Послуги стаціонарних закладів медико-соціального доглядання за людьми з розумовою відсталістю, психічними розладами та наркотичною залежністю|
87.20.1|Послуги стаціонарних закладів медико-соціального доглядання за людьми з розумовою відсталістю, психічними розладами та наркотичною залежністю|
87.20.11|Послуги стаціонарних закладів медико-соціального доглядання за дітьми з розумовою відсталістю, психічними розладами та наркотичною залежністю|
87.20.11-00.00|Послуги стаціонарних закладів медико-соціального доглядання за дітьми з розумовою відсталістю, психічними розладами та наркотичною залежністю|
87.20.12|Послуги стаціонарних закладів медико-соціального доглядання за дорослими з розумовою відсталістю, психічними розладами та наркотичною залежністю|
87.20.12-00.00|Послуги стаціонарних закладів медико-соціального доглядання за дорослими з розумовою відсталістю, психічними розладами та наркотичною залежністю|
87.3|Послуги стаціонарних закладів медико-соціального доглядання за особами літнього віку та інвалідами/особами з обмеженими фізичними можливостями|
87.30|Послуги стаціонарних закладів медико-соціального доглядання за особами літнього віку та інвалідами/особами з обмеженими фізичними можливостями|
87.30.1|Послуги стаціонарних закладів медико-соціального доглядання за особами літнього віку та інвалідами/особами з обмеженими фізичними можливостями|
87.30.11|Послуги щодо соціальної допомоги, надавані стаціонарними установами особам літнього віку|
87.30.11-00.00|Послуги щодо соціальної допомоги, надавані стаціонарними установами особам літнього віку|
87.30.12|Послуги щодо соціальної допомоги, надавані стаціонарними установами дітям-інвалідам та молоді-інвалідам|
87.30.12-00.00|Послуги щодо соціальної допомоги, надавані стаціонарними установами дітям-інвалідам та молоді-інвалідам|
87.30.13|Послуги щодо соціальної допомоги, надавані стаціонарними установами дорослим інвалідам|
87.30.13-00.00|Послуги щодо соціальної допомоги, надавані стаціонарними установами дорослим інвалідам|
87.9|Послуги стаціонарних закладів медико-соціального доглядання, інші|
87.90|Послуги стаціонарних закладів медико-соціального доглядання, інші|
87.90.1|Послуги стаціонарних закладів медико-соціального доглядання, інші|
87.90.11|Послуги щодо соціальної допомоги із забезпеченням проживання для дітей та молоді, інші|
87.90.11-00.00|Послуги щодо соціальної допомоги із забезпеченням проживання для дітей та молоді, інші|
87.90.12|Послуги щодо соціальної допомоги із забезпеченням проживання для жінок, що постраждали від насильства|
87.90.12-00.00|Послуги щодо соціальної допомоги із забезпеченням проживання для жінок, що постраждали від насильства|
87.90.13|Послуги щодо соціальної допомоги із забезпеченням проживання для дорослих, інші|
87.90.13-00.00|Послуги щодо соціальної допомоги із забезпеченням проживання для дорослих, інші|
88|Послуги щодо соціальної допомоги без забезпечення проживання|
88.1|Послуги щодо соціальної допомоги без забезпечення проживання для осіб літнього віку та інвалідів/осіб з обмеженими фізичними можливостями|
88.10|Послуги щодо соціальної допомоги без забезпечення проживання для осіб літнього віку та інвалідів/осіб з обмеженими фізичними можливостями|
88.10.1|Послуги щодо соціальної допомоги без забезпечення проживання для осіб літнього віку та інвалідів/осіб з обмеженими фізичними можливостями|
88.10.11|Послуги щодо відвідування та надання допомоги особам літнього віку|
88.10.11-00.00|Послуги щодо відвідування та надання допомоги особам літнього віку|
88.10.12|Послуги центрів денного доглядання за особами літнього віку|
88.10.12-00.00|Послуги центрів денного доглядання за особами літнього віку|
88.10.13|Послуги щодо професійного реабілітування інвалідів|
88.10.13-00.00|Послуги щодо професійного реабілітування інвалідів|
88.10.14|Послуги щодо відвідування та надання допомоги інвалідам|
88.10.14-00.00|Послуги щодо відвідування та надання допомоги інвалідам|
88.10.15|Послуги центрів денного доглядання за дорослими інвалідами|
88.10.15-00.00|Послуги центрів денного доглядання за дорослими інвалідами|
88.9|Послуги щодо соціальної допомоги без забезпечення проживання, інші|
88.91|Послуги щодо денного доглядання за дітьми|
88.91.1|Послуги щодо денного доглядання за дітьми|
88.91.11|Послуги щодо денного доглядання за дітьми, крім послуг щодо денного доглядання за дітьми-інвалідами|
88.91.11-00.00|Послуги щодо денного доглядання за дітьми, крім послуг щодо денного доглядання за дітьми-інвалідами|
88.91.12|Послуги щодо денного доглядання за дітьми-інвалідами та молоддю-інвалідами|
88.91.12-00.00|Послуги щодо денного доглядання за дітьми-інвалідами та молоддю-інвалідами|
88.91.13|Послуги щодо доглядання за маленькими дітьми|
88.91.13-00.00|Послуги щодо доглядання за маленькими дітьми|
88.99|Послуги щодо соціальної допомоги без забезпечення проживання, інші, н. в. і. у.|
88.99.1|Послуги щодо соціальної допомоги без забезпечення проживання, інші, н. в. і. у.|
88.99.11|Послуги щодо наставляння та консультування, н. в. і. у., пов'язані з дітьми|
88.99.11-00.00|Послуги щодо наставляння та консультування, н. в. і. у., пов'язані з дітьми|
88.99.12|Послуги щодо надання соціальної допомоги без забезпечення проживання|
88.99.12-00.00|Послуги щодо надання соціальної допомоги без забезпечення проживання|
88.99.13|Послуги щодо професійного перенавчання безробітних|
88.99.13-00.00|Послуги щодо професійного перенавчання безробітних|
88.99.19|Послуги соціальні без забезпечення проживання, інші, н. в. і. у.|
88.99.19-00.00|Послуги соціальні без забезпечення проживання, інші, н. в. і. у.|