Секція А|ПРОДУКЦІЯ СІЛЬСЬКОГО ГОСПОДАРСТВА, ЛІСОВОГО ГОСПОДАРСТВА ТА РИБНОГО ГОСПОДАРСТВА|
1|Продукція сільського господарства, мисливства та пов'язані з цим послуги|
01.Jan|Культури однорічні та дворічні|
01.Nov|Культури зернові (крім рису), бобові культури та насіння олійних культур|
01.11.2001|Пшениця|
01.11.2011|Пшениця тверда|
01.11.11-00.00|Пшениця тверда|1001 10 00
01.11.2012|Пшениця, крім твердої пшениці|
01.11.12-00.00|Пшениця, крім твердої пшениці|1001 90
01.11.2002|Кукурудза|
01.11.2020|Кукурудза|
01.11.20-00.00|Кукурудза|1005
01.11.2003|Ячмінь, жито й овес|
01.11.1931|Ячмінь|
01.11.31-00.00|Ячмінь|1003 00
01.11.1932|Жито|
01.11.32-00.00|Жито|1002 00 00 00
01.11.1933|Овес|
01.11.33-00.00|Овес|1004 00 00 00
01.11.2004|Сорго, просо та інші зернові культури|
01.11.1941|Сорго|
01.11.41-00.00|Сорго|1007 00
01.11.1942|Просо|
01.11.42-00.00|Просо|1008 20 00 00
01.11.1949|Культури зернові, інші|
01.11.49-00.00|Культури зернові, інші|1008 10 00 00,1008 30 00 00,1008 90
01.11.2005|Солома та полова зернових|
01.11.1950|Солома та полова зернових|
01.11.50-00.00|Солома та полова зернових|1213 00 00 00
01.11.2006|Овочі бобові свіжі|
01.11.1961|Квасоля свіжа|
01.11.61-00.00|Квасоля свіжа|0708 20 00 00
01.11.1962|Горох свіжий|
01.11.62-00.00|Горох свіжий|070810 00 00
01.11.1969|Овочі бобові свіжі, інші|
01.11.69-00.00|Овочі бобові свіжі, інші|0708 90 00 00
01.11.2007|Овочі бобові сушені|
01.11.1971|Квасоля сушена|
01.11.71-00.00|Квасоля сушена|0713 31 00 00,0713 32 00 00,0713 33
01.11.1972|Боби кінські сушені|
01.11.72-00.00|Боби кінські сушені|0713 50 00 00
01.11.1973|Нут сушений|
01.11.73-00.00|Нут сушений|0713 20 00 00
01.11.1974|Сочевиця сушена|
01.11.74-00.00|Сочевиця сушена|0713 40 00 00
01.11.1975|Горох сушений|
01.11.75-00.00|Горох сушений|0713 10
01.11.1979|Овочі бобові сушені, н. в. і. у.|
01.11 79-00.00|Овочі бобові сушені, н. в. і. у.|0713 90 00 00
01.11.2008|Соя (боби), арахіс і насіння бавовнику|
01.11.1981|Соя (боби)|
01.11.81-00.00|Соя (боби)|1201 00
01.11.1982|Арахіс нелущений|
01.11.82-00.00|Арахіс нелущений|1202 10
01.11.1983|Арахіс лущений|
01.11.83-00.00|Арахіс лущений|1202 20 00
01.11.1984|Насіння бавовнику|
01.11.84-00.00|Насіння бавовнику|1207 20
01.11.2009|Насіння інших олійних культур|
01.11.1991|Насіння льону|
01.11.91-00.00|Насіння льону|1204 00
01.11.1992|Насіння гірчиці|
01.11.92-00.00|Насіння гірчиці|1207 50
01.11.1993|Насіння рапсу чи кользи|
01.11.93-00.00|Насіння рапсу чи кользи|1207 60
01.11.1994|Насіння кунжуту|
01.11.94-00.00|Насіння кунжуту|1207 40
01.11.1995|Насіння соняшнику|
01.11.95-00.00|Насіння соняшнику|1206 00
01.11.1999|Насіння інших олійних культур, н. в. і. у.|
01.11.99-00.00|Насіння інших олійних культур, н. в. і. у.|1207 91,1207 99
01.Dec|Рис нелущений|
01.12.2001|Рис нелущений|
01.12.2010|Рис нелущений|
01.12.10-00.00|Рис нелущений|1006 10
Jan.13|Овочі та баштанні культури, коренеплоди та бульбоплоди|
01.13.1|Овочі листкові|
01.13.11|Спаржа|
01.13.11-00.00|Спаржа|0709 20 00 00
01.13.12|Капуста|
01.13.12-00.00|Капуста|0704 20 00 00,0704 90
01.13.13|Капуста цвітна та капуста броколі|
01.13.13-00.00|Капуста цвітна та капуста броколі|0704 10 00 00
01.13.14|Салат-латук|
01.13.14-00.00|Салат-латук|0705 11 00 00,0705 19 00 00
01.13.15|Цикорій|
01.13.15-00.00|Цикорій|0705 21 00 00,0705 29 00 00
01.13.16|Шпинат|
01.13.16-00.00|Шпинат|0709 70 00 00
01.13.17|Артишоки|
01.13.17-00.00|Артишоки|0709 10 00 00
01.13.19|Овочі листкові, інші|
01.13.19-00.00|Овочі листкові, інші|0709 90
01.13.2|Культури баштанні|
01.13.21|Кавуни|
01.13.21-00.00|Кавуни|0807 11 00
01.13.29|Культури баштанні, інші|
01.13.29-00.00|Культури баштанні, інші|0807 19 00
01.13.3|Культури овочеві плодоносні, інші|
01.13.31|Перець стручковий гострий і солодкий (тільки роду Capsicum)|
01.13.31-00.00|Перець стручковий гострий і солодкий (тільки роду Capsicum)|0709 60
01.13.32|Огірки та корнішони|
01.13.32-00.00|Огірки та корнішони|0707 00
01.13.33|Баклажани|
01.13.33-00.00|Баклажани|0709 30 00 00
01.13.34|Помідори|
01.13.34-00.00|Помідори|0702 00 00 00
01.13.39|Культури овочеві плодоносні інші, н. в. і. у.|
01.13.39-00.00|Культури овочеві плодоносні інші, н. в. і. у.|0709 90
01.13.4|Овочі коренеплідні, цибулинні та бульбоплідні|
01.13.41|Морква та ріпа|
01.13.41-00.00|Морква та ріпа|0706 10 00 00
01.13.42|Часник|
01.13.42-00.00|Часник|0703 20 00 00
01.13.43|Цибуля|
01.13.43-00.00|Цибуля|0703 10
01.13.44|Цибуля-порей та інші цибулинні овочі|
01.13.44-00.00|Цибуля-порей та інші цибулинні овочі|0703 90 00 00
01.13.49|Овочі коренеплідні, цибулинні та бульбоплідні, інші (з низьким умістом крохмалю та інуліну)|
01.13.49-00.00|Овочі коренеплідні, цибулинні та бульбоплідні, інші (з низьким умістом крохмалю та інуліну)|0706 90
01.13.5|Коренеплоди та бульби їстівні з високим умістом крохмалю та інуліну|
01.13.51|Картопля|
01.13.51-00.00|Картопля|701
01.13.52|Картопля солодка|
01.13.52-00.00|Картопля солодка|0714 20
01.13.53|Маніок|
01.13.53-00.00|Маніок|0714 10
01.13.59|Коренеплоди та бульби їстівні з високим умістом крохмалю та інуліну, інші|
01.13.59-00.00|Коренеплоди та бульби їстівні з високим умістом крохмалю та інуліну, інші|0714 90
01.13.6|Насіння овочевих культур, крім насіння буряків|
01.13.60|Насіння овочевих культур, крім насіння буряків|
01.13.60-00.00|Насіння овочевих культур, крім насіння буряків|1209 91
01.13.7|Буряки цукрові та насіння цукрових буряків|
01.13.71|Буряки цукрові|
01.13.71-00.00|Буряки цукрові|1212 91
01.13.72|Насіння цукрових буряків|
01.13.72-00.00|Насіння цукрових буряків|1209 10 00 00
01.13.8|Гриби та трюфелі|
01.13.80|Гриби та трюфелі|
01.13.80-00.00|Гриби та трюфелі|0709 51 00 00,0709 52 00 00,0709 59
01.13.9|Овочі свіжі, н. в. і. у.|
01.13.90|Овочі свіжі, н. в. і. у.|
01.13.90-00.00|Овочі свіжі, н. в. і. у.|0709 40 00 00
Jan.14|Тростина цукрова|
01.14.1|Тростина цукрова|
01.14.10|Тростина цукрова|
01.14.10-00.00|Тростина цукрова|1212 99 20 00
Jan.15|Тютюн необроблений|
01.15.1|Тютюн необроблений|
01.15.10|Тютюн необроблений|
01.15.10-00.00|Тютюн необроблений|2401 10,2401 20
Jan.16|Культури прядивні|
01.16.1|Культури прядивні|
01.16.11|Бавовна, очищена чи неочищена від насіння (джинована чи неджинована)|
01.16.11-00.00|Бавовна, очищена чи неочищена від насіння (джинована чи неджинована)|5201 00
01.16.12|Джут, кенаф та інші луб'яні текстильні волокна, сирі чи вимочені, крім льону, справжніх конопель і рамі|
01.16.12-00.00|Джут, кенаф та інші луб'яні текстильні волокна, сирі чи вимочені, крім льону, справжніх конопель і рамі|5303 10 00 00,5303 90 00 00
01.16.|Льон, справжні коноплі та інші прядивні культури, н. в. і. у.|
01.16.18-00.00|Льон, справжні коноплі та інші прядивні культури, н. в. і. у.|5301 10 00 00,5302 10 00 00
Jan.19|Культури однорічні, інші|
01.19.1|Культури кормові|
01..19.10|Культури кормові|
01..19.10-00|Культури кормові|
01..19.10-00.01|Буряк кормовий (мангольд), бруква та інші кормові коренеплоди|1214 90 10.
01..19.10-00.02|Сіно, люцерна, конюшина, еспарцет, кормова капуста, люпин, вика й подібні кормові культури|1214 90 90
01.19.2|Квіти зрізані та бутони квітів; насіння квітів|
01..19.21|Квіти зрізані та бутони квітів|
01..19.21-00.00|Квіти зрізані та бутони квітів|603
01..19.22|Насіння квітів|
01..19.22-00.00|Насіння квітів|1209 30 00 00
01.19.3|Насіння буряків, насіння кормових рослин; сировина рослинна, інша|
01.19.31|Насіння буряків (крім насіння цукрових буряків), насіння кормових рослин|
01..19.31-00.00|Насіння буряків (крім насіння цукрових буряків), насіння кормових рослин|1209 21 00 00,1209 22,1209 23,1209 24 00 00,1209 25,1209 29
01..19.39|Сировина рослинна, н. в. і. у.|
01.19..39-00.00|Сировина рослинна, н. в. і. у.|1212 99 70
01.Feb|Культури багаторічні|
Jan.21|Виноград|
01.21.1|Виноград|
01.21.11|Виноград столовий|
01.21.11-00.00|Виноград столовий|0806 10 10 00
01.21.12|Виноград інший, свіжий|
01.21.12-00.00|Виноград інший, свіжий|0806 10 90 00
Jan.22|Плоди тропічних і субтропічних культур|
01.22.1|Плоди тропічних і субтропічних культур|
01.22.11|Авокадо|
01.22.11-00.00|Авокадо|0804 40 00 00
01.22.12|Банани, плантайни й подібні плоди|
01.22.12-00.00|Банани, плантайни й подібні плоди|0803 00
01.22.13|Фініки|
01.22.13-00.00|Фініки|0804 10 00 00
01.22.14|Інжир|
01.22.14-00.00|Інжир|0804 20
01.22.19|Плоди тропічних і субтропічних культур, інші|
01.22.19-00.00|Плоди тропічних і субтропічних культур, інші|0804 30 00 00,0804 50 00 00,0807 20 00 00,0810 60 00 00
Jan.23|Плоди цитрусових культур|
01.23.1|Плоди цитрусових культур|
01.23.11|Помело та грейпфрути|
01.23.11-00.00|Помело та грейпфрути|0805 40 00 00
01.23.12|Лимони та лайми|
01.23.12-00.00|Лимони та лайми|0805 50
01.23.13|Апельсини|
01.23.13-00.00|Апельсини|0805 10
01.23.14|Танжерини, мандарини та клементини|
01.23.14-00.00|Танжерини, мандарини та клементини|0805 20
01.23.19|Плоди цитрусових культур, інші|
01.23.19-00.00|Плоди цитрусових культур, інші|0805 90 00 00
Jan.24|Плоди зерняткових і кісточкових культур|
01.24.1|Яблука|
01.24.10|Яблука|
01.24.10-00.00|Яблука|0808 10
01.24.2|Плоди зерняткових і кісточкових культур, інші|
01.24.21|Груші|
01.24.21-00.00|Груші|0808 20 10 00,0808 20 50
01.24.22|Айва|
01.24.22-00.00|Айва|0808 20 90 00
01.24.23|Абрикоси|
01.24.23-00.00|Абрикоси|0809 10 00 00
01.24.24|Вишні|
01.24.24-00.00|Вишні|0809 20
01.24.25|Персики|
01.24.25-00.00|Персики|0809 30 90 00
01.24.26|Нектарин|
01.24.26-00.00|Нектарин|0809 30 10 00
01.24.27|Сливи|
01.24.27-00.00|Сливи|0809 40 05 00
01.24.28|Терен|
01.24.28-00.00|Терен|0809 40 90 00
01.24.29|Плоди зерняткових і кісточкових культур, інші, н. в. і. у.|
01.24.29-00.00|Плоди зерняткових і кісточкових культур, інші, н. в. і. у.|0810 90
Jan.25|Плоди та горіхи дерев і чагарників, інші|
01.25.1|Ягоди та плоди рослин роду Vaccinium|
01.25.11|Плоди ківі|
01.25.11-00.00|Плоди ківі|0810 50 00 00
01.35.12|Малина|
01.25.12-00.00|Малина|0810 20
01.25.13|Суниці та полуниці|
01.25.13-00.00|Суниці та полуниці|0810 10 00 00
01.25.19|Ягоди та плоди рослин роду Vaccinium, інші, н. в. і. у.|
01.25.19-00.00|Ягоди та плоди рослин роду Vaccinium, інші, н. в. і. у.|0810 40,0810 90
01.25.2|Насіння плодових культур|
01.25.20|Насіння плодових культур|
01.25.20-00.00|Насіння плодових культур|1209 99 91 00,1209 99 99 00,1212 99 49 00
01.25.3|Горіхи (крім дикорослих їстівних горіхів, арахісу та кокосів)|
01.25-31|Мигдаль|
01.26.31-00.00|Мигдаль|0802 11,0802 12
01.25.32|Каштани|
01.25.32-00.00|Каштани|0802 40 00 00
01.25.33|Горіхи лісові|
01.25.33-00.00|Горіхи лісові|0802 21 00,0802 22 00
01.25.34|Фісташки|
01.25.34-00.00|Фісташки|0802 50 00 00
01.25.35|Горіхи волоські|
01.25.35-00.00|Горіхи волоські|0802 31 00 00,0802 32 00 00
01.25.39|Горіхи, інші (крім дикорослих їстівних горіхів, арахісу та кокосових горіхів)|
01.25.39-00.00|Горіхи, інші (крім дикорослих їстівних горіхів, арахісу та кокосових горіхів)|0801 21 00 00,0801 22 00 00,0801 31 00,0801 32 00,0802 90
01.25.9|Плоди дерев і чагарників, інші, н. в. і. у.|
01.25.90|Плоди дерев і чагарників, інші, н. в. і. у.|
01.25.90-00.00|Плоди дерев і чагарників, інші, н. в. і. у.|0810 90 95 00,1212 99
Jan.26|Плоди олійних культур|
01.26.1|Маслини|
01.26.11|Маслини столові|
01.26.11|Маслини столові|0709 90 31 00
01.26.12|Маслини для виготовлення оливкової олії|
01.26.12-00.00|Маслини для виготовлення оливкової олії|0709 90 39 00
01.26.2|Горіхи кокосові|
01.26.20|Горіхи кокосові|
01.26.20-00.00|Горіхи кокосові|0801 11 00 00,0801 19 00 00
01.26.9|Плоди олійних культур, інші|
01.26.90|Плоди олійних культур, інші|
01.26.90-00.00|Плоди олійних культур, інші|1203 00 00 00
Jan.27|Культури для виробництва напоїв|
01.27.1|Культури для виробництва напоїв|
01.27.11|Кава в зернах, несмажена|
01.27.11-00.00|Кава в зернах, несмажена|9 011 100
01.27.12|Листя чаю|
01.27.12-00.00|Листя чаю|0902 20 00,0902 40 00
01.27.13|Листя Мате|
01.27.13-00.00|Листя Мате|0903 00 00 00
01.27.14|Какао-боби|
01.27.14-00.00|Какао-боби|1801 00 00 00
Jan.28|Прянощі, культури для виробництва ароматичних, наркотичних або фармацевтичних речовин|
01.28.1|Прянощі необроблені|
01.28.11|Перець (тільки роду Piper) необроблений|
01.28.11-00.00|Перець (тільки роду Piper) необроблений|0904 11 00 00
01.28.12|Перець стручковий чілійський та інший, сушений (тільки роду Capsicum), необроблений|
01.28.12-00.00|Перець стручковий чілійський та інший, сушений (тільки роду Capsicum), необроблений|0904 20 10 00,0904 20 30 00
01.28.13|Горіх мускатний, маціс, кардамон, необроблені|
01.28.13-00.00|Горіх мускатний, маціс, кардамон, необроблені|908
01.28.14|Аніс, бад'ян, коріандр, кумін, кмин, ягоди ялівцю, необроблені|
01.28.14-00.00|Аніс, бад'ян, коріандр, кумін, кмин, ягоди ялівцю, необроблені|909
01.28.15|Кориця (роду Canella) необроблена|
01.28.15-00.00|Кориця (роду Canella) необроблена|906
01.28.16|Гвоздика (цілі плоди) необроблена|
01.28-16-00.00|Гвоздика (цілі плоди) необроблена|0907 00 00 00
01.28.17|Імбир сушений, необроблений|
01.28.17-00.00|Імбир сушений, необроблений|0910 10 00 00
01.28.18|Ваніль необроблена|
01.28.18-00.00|Ваніль необроблена|0905 00 00 00
01.28.19|Прянощі необроблені, інші|
01.28.19-00.00|Прянощі необроблені, інші|0709 90 40 00,0910 20 10 00,0910 30 00 00,0910 91 10 00,0910 99 10 00,0910 99 91 00
01.28.2|Пишки хмелю|
01.28.20|Шишки хмелю|
01.28.20-00.10|Шишки хмелю неподрібнені, нерозмелені чи неспресовані|1210 10 00 00
01.28.20-00.20|Шишки хмелю подрібнені, розмелені чи у формі гранул; лупулін|1210 20
01.28.20-00.21|Шишки хмелю подрібнені, розмелені чи у формі гранул з високим умістом лупуліну; лупулін|1210 20 10 00
01.28.20-00.29|Шишки хмелю подрібнені, розмелені чи у формі гранул, інші|1210 20 90 00
01.28.3|Рослини, переважно використовувані в парфумерії, фармацевтиці чи в інсектицидних, фунгіцидних або подібних цілях|
01.28.30|Рослини, переважно використовувані в парфумерії, фармацевтиці чи в інсектицидних, фунгіцидних або подібних цілях|
01.28.30-00.00|Рослини, переважно використовувані в парфумерії, фармацевтиці чи в інсектицидних, фунгіцидних або подібних цілях|1211 20 00 00,1211 30 00 00,1211 40 00 00,1211 90
Jan.29|Культури багаторічні, інші|
01.29.1|Каучук натуральний|
01.29.10|Каучук натуральний|
01.29.10-00.00|Каучук натуральний|4001 10 00 00,4001 21 00 00,4001 22 00 00,4001 29 00 00
01.29.2|Дерева різдвяні, зрізані|
01.29.20|Дерева різдвяні, зрізані|
01.29.20-00.00|Дерева різдвяні, зрізані|0604 91 21 00,0604 91 29 00
01.29.3|Матеріали рослинного походження, переважно використовувані для плетіння, набивання, підбивання, фарбування чи дублення|
01.29.30|Матеріали рослинного походження, переважно використовувані для плетіння, набивання, підбивання, фарбування чи дублення|
01.29.30-00.00|Матеріали рослинного походження, переважно використовувані для плетіння, набивання, підбивання, фарбування чи дублення|1401,1404 90 00 00
01.Mar|Матеріал для саджання: рослини живі, цибулини, бульби та корені, живці й вусики, міцелій грибів|
Jan.30|Матеріал для саджання: рослини живі, цибулини, бульби та корені, живці й вусики, міцелій грибів|
01.30.1|Матеріал для саджання: рослини живі, цибулини, бульби та корені, живці й вусики, міцелій грибів|
01.30.10|Матеріал для саджання: рослини живі, цибулини, бульби та корені, живці й вусики, міцелій грибів|
01.30.10-00.00|Матеріал для саджання: рослини живі, цибулини, бульби та корені, живці й вусики, міцелій грибів|601,0602 10,0602 20,0602 30 00 00,0602 40,0602 90 10 00,0602 90 20 00,0602 90 30 00,0602 90 45 00,0602 90 49 00,0602 90 51 00,0602 90 59 00,0602 90 70 00,0602 90 91 00,0602 90 99 00
01.Apr|Тварини живі та продукція тваринництва|
Jan.41|Худоба велика рогата молочних порід, жива, та сире молоко великої рогатої худоби молочних порід|
01.41.1|Худоба велика рогата молочних порід, жива|
01.41.10|Худоба велика рогата молочних порід, жива|
01.41.10-00.00|Худоба велика рогата молочних порід, жива|0102 10 10 00,0102 10 30 00,0102 90 51 00,0102 90 59 00,0102 90 61 00,0102 90 69 00
01.41.2|Молоко великої рогатої худоби молочних порід, сире|
01.41.20|Молоко великої рогатої худоби молочних порід, сире|
01.41.20-00.00|Молоко великої рогатої худоби молочних порід, сире|
Jan.42|Худоба велика рогата інша та буйволи, живі, та їхня сперма|
01.42.1|Худоба велика рогата інша та буйволи, живі|
01.42.11|Худоба велика рогата інша та буйволи, крім молодняка, живі|
01.42.11-00.00|Худоба велика рогата інша та буйволи, крім молодняка, живі|0102 10 90 00,0102 90 71 00,0102 90 79 00,0102 90 90 00
01.42.12|Молодняк великої рогатої худоби та буйволів, живий|
01.42.12-00.00|Молодняк великої рогатої худоби та буйволів, живий|0102 90 05 00,0102 90 21 00,0102 90 29 00,0102 90 41 00,0102 90 49 00
01.42.2|Сперма великої рогатої худоби та буйволів|
01.42.20|Сперма великої рогатої худоби та буйволів|
01.42.20-00.00|Сперма великої рогатої худобина буйволів|0511 10 00 00
Jan.43|Коні та інші тварини родини конячих, живі|
01.43.1|Коні та інші тварини родини конячих, живі|
01.43.10|Коні та інші тварини родини конячих, живі|
01.43.10-00.00|Коні та інші тварини родини конячих, живі|0101 10,0101 90
Jan.44|Верблюди та інші тварини родини верблюдячих, живі|
01.44.1|Верблюди та інші тварини родини верблюдячих, живі|
01.44.10|Верблюди та інші тварини родини верблюдячих, живі|
01.44.10-00.00|Верблюди та інші тварини родини верблюдячих, живі|
Jan.45|Вівці та кози, живі; молоко сире та вовна стрижена овець і кіз|
01.45.1|Вівці та кози, живі|
01.45.11|Вівці живі|
01.45.11-00.00|Вівці живі|0104 10
01.45.12|Кози живі|
01.45.12-00.00|Кози живі|0104 20
01.45.2|Молоко овець і кіз, сире|
01.45.21|Молоко овець, сире|
01.45.21-00.00|Молоко овець, сире|
01.45.22|Молоко кіз, сире|
01 45.22-00.00|Молоко кіз, сире|
01.45.3|Вовна овець і кіз, стрижена, необроблена, зокрема мита, як руно|
01.45.30|Вовна овець і кіз, стрижена, необроблена, зокрема мита, як руно|
01.45.30-00.00|Вовна овець і кіз, стрижена, необроблена, зокрема мита, як руно|5101 11 00 00
Jan.46|Свині живі|
01.46.1|Свині живі|
01.46.10|Свині живі|
01.46.10-00.00|Свині живі|0103 10 00 00,0103 91,0103 92 11 00,0103 92 19 00,0103 92 90 00
Jan.47|Птиця свійська, жива, та яйця|
01.47.1|Птиця свійська, жива|
01.47.11|Кури живі|
01.47.11-00.00|Кури живі|0105 11,0105 92 00,0105 93 00 00
01.47.12|Індики живі|
01.47.12-00.00|Індики живі|0105 12 00 00,0105 99 30 00
01.47.13|Гуси живі|
01.47.13-00.00|Гуси живі|0105 19 20 00,0105 99 20 00
01.47.14|Качки та цесарки, живі|
01.47.14-00.00|Качки та цесарки, живі|0105 19 90 00,0105 99 10 00,0105 99 50 00
01.47.2|Яйця у шкаралупі, свіжі|
01.47.21|Яйця курячі у шкаралупі, свіжі|
01.47.21-00.00|Яйця курячі у шкаралупі, свіжі|0407 00 30 00
01.47.22|Яйця іншої птиці у шкаралупі, свіжі|
01.47.22-00.00|Яйця іншої птиці у шкаралупі, свіжі|
01.47.23|Яйця для інкубації|
01.47.23-00.00|Яйця для інкубації|0407 00 11 00,0407 00 19 00
Jan.49|Тварини, яких розводять на фермах, інші, та продукція тваринництва, інша|
01.49.1|Тварини, яких розводять на фермах, інші, живі|
01.49.11|Кролі живі|
01.49.11-00.00|Кролі живі|0106 19 10 00
01.49.12|Птиця, яку розводять на фермах, н. в. і. у., жива|
01.49.12-00.00|Птиця, яку розводять на фермах, н. в. і. у., жива|0106 31 00,0106 32 00,0106 39 10,0106 39 90
01.49.13|Рептилії (зокрема змії та черепахи), яких розводять на фермах, живі|
01.49.13-00.00|Рептилії (зокрема змії та черепахи), яких розводять на фермах, живі|0106 20 00
01.49.19|Тварини, яких розводять на фермах, інші, н. в. і. у., живі|
01.49.19-00.00|Тварини, яких розводять на фермах, інші, н. в. і. у., живі|0106 11 00,0106 19 90,0106 90 00
01.49.2|Продукція тваринництва, інша|
01.49.21|Мед натуральний|
01.49.21-00.00|Мед натуральний|0409 00 00 00
01.49.22|Молоко сире, н. в. і. у.|
01.49.22-00.00|Молоко сире, н. в. і. у.|
01.49.23|Равлики, живі, свіжі, охолоджені, заморожені, сушені, солені чи в розсолі, крім морських равликів|
01.49.23-00.00|Равлики, живі, свіжі, охолоджені, заморожені, сушені, солені чи в розсолі, крім морських равликів|0307 60 00 00
01.49.24|Продукти їстівні тваринного походження, н. в. і. у.|
01.49.24-00.00|Продукти їстівні тваринного походження, н. в. і. у.|0407 00 90 00,0410 00 00 00
01.49.25|Кокони шовкопряда, придатні для намотування|
01.49.25-00.00|Кокони шовкопряда, придатні для намотування|5001 00 00 00
01.49.26|Віск і спермацет комах, очищений чи неочищений, забарвлений чи незабарвлений|
01.49.26-00.00|Віск і спермацет комах, очищений чи неочищений, забарвлений чи незабарвлений|1521 90
01.49.27|Ембріони тварин для розмноження|
01.49.27-00.00|Ембріони тварин для розмноження|106
01.49.28|Продукти неїстівні тваринного походження, н. в. і. у.|
01.49.28-00.00|Продукти неїстівні тваринного походження, н. в. і. у.|5102
01.49.3|Шкури хутрових тварин, сирі, і різноманітні сирі шкури та шкурки|
01.49.31|Шкури хутрових тварин, сирі, крім шкур ягнят|
01.49.31-00.00|Шкури хутрових тварин, сирі, крім шкур ягнят|4301 10 00 00,4301 60 00 00,4301 80,4301 90 00 00
01.49.32|Шкури ягнят, сирі (смушки)|
01.49.32-00.00|Шкури ягнят, сирі (смушки)|4301 30 0000
01.49.39|Шкури тварин, сирі (свіжі чи законсервовані, але не оброблені іншим способом), н. в. і. у.|
01.49.39-00.00|Шкури тварин, сирі (свіжі чи законсервовані, але не оброблені іншим способом), н. в. і. у.|4103 20 00 00,4103 30 00 00,4103 90 00 00
01.Jun|Послуги в рослинництві та тваринництві (крім послуг ветеринарних)|
Jan.61|Послуги допоміжні щодо вирощування сільськогосподарських культур|
01.61.1|Послуги допоміжні щодо вирощування сільськогосподарських культур|
01.61.10|Послуги допоміжні щодо вирощування сільськогосподарських культур|
01.61.10-00.00|Послуги допоміжні щодо вирощування сільськогосподарських культур|
Jan.62|Послуги допоміжні у тваринництві|
01.62.1|Послуги допоміжні у тваринництві|
01.62.10|Послуги допоміжні у тваринництві|
01.62.10-00.00|Послуги допоміжні у тваринництві|
Jan.63|Послуги, пов'язані з зібраним урожаєм|
01.63.1|Послуги, пов'язані з зібраним урожаєм|
01.63.10|Послуги, пов'язані з зібраним урожаєм|
01.63.10-00.00|Послуги, пов'язані з зібраним урожаєм|
Jan.64|Послуги щодо обробляння насіння для сівби|
01.64.1|Послуги щодо обробляння насіння для сівби|
01.64.10|Послуги щодо обробляння насіння для сівби|
01.64.10-00.00|Послуги щодо обробляння насіння для сівби|
01.Jul|Послуги щодо полювання та відловлювання тварин і пов'язані з цим послуги|
Jan.70|Послуги щодо полювання та відловлювання тварин і   пов'язані з цим послуги|
01.70.1|Послуги щодо полювання та відловлювання тварин і  пов'язані з цим послуги|
01.70.10|Послуги щодо полювання та відловлювання тварин і  пов'язані з цим послуги|
01.70.10-00.10|Послуги щодо полювання та пов’язані з цим послуги|
01.70.10-00.20|Послуги щодо відловлювання тварин і пов’язані з цим послуги|
2|Продукція лісового господарства, лісозаготівлі та послуги, пов'язані з лісівництвом|
02.Jan|Дерева лісові та послуги лісорозсадників|
02.Oct|Дерева лісові та послуги лісорозсадників|
02.10.2001|Рослини лісові, живі; насіння лісових дерев|
02.10.2011|Рослини лісові, живі|
02.10.11-00.00|Рослини лісові, живі|0602 90 41 00
02.10.2012|Насіння лісових дерев|
02.10.12-00.00|Насіння лісових дерев|1209 99 10 00
02.10.2002|Послуги лісорозсадників|
02.10.2020|Послуги лісорозсадників|
02.10.20-00.00|Послуги лісорозсадників|
02.10.2003|Дерева лісові|
02.10.1930|Дерева лісові|
02.10.30-00.00|Дерева лісові|
02.Feb|Деревина необроблена|
Feb.20|Деревина необроблена|
02.20.1|Деревина необроблена|
02.20.11|Колоди дерев хвойних порід|
02.20.11-00.00|Колоди дерев хвойних порід|4403 20
02.20.12|Колоди дерев нехвойних порід, крім тропічних|
02.20.12-00.00|Колоди дерев нехвойних порід, крім тропічних|4403 91,4403 92,4403 99
02.20.13|Колоди дерев тропічних порід|
02.20.13-00.00|Колоди дерев тропічних порід|4403 41 00 00,4403 49
02.20.14|Деревина паливна|
02.20.14-00.00|Деревина паливна|4401 10 00 00
02.Mar|Продукти природні недеревинні|
Feb.30|Продукти природні недеревинні|
02.30.1|Смоли природні|
02.30.11|Балата, гутаперча, гваюла, чикл і подібні природні смоли|
02.30.11-00.00|Балата, гутаперча, гваюла, чикл і подібні природні смоли|4001 30 00 00
02.30.12|Шелак, бальзами та інші природні смоли й живиці|
02.30.12-00.00|Шелак, бальзами та інші природні смоли й живиці|1301 20 00 00,1301 90
02.30.2|Корок натуральний, необроблений чи підданий первинному обробленню|
02.30.20|Корок натуральний, необроблений чи підданий первинному обробленню|
02.30.20-00.00|Корок натуральний, необроблений чи підданий первинному обробленню|4501 10 00 00
02.30.3|Частини рослин, трави, мохи та лишайники, придатні для декоративних цілей|
02.30.30|Частини рослин, трави, мохи та лишайники, придатні для декоративних цілей|
02.30.30-00.00|Частини рослин, трави, мохи та лишайники, придатні для декоративних цілей|0604 10,0604 91 41 00,0604 91 49 00,0604 91 90 00,0604 99
02.30.4|Продукти їстівні дикорослі|
02.30.40|Продукти їстівні дикорослі|
02.30.40-00.00|Продукти їстівні дикорослі|
02.Apr|Послуги, пов'язані з лісівництвом|
Feb.40|Послуги, пов'язані з лісівництвом|
02.40.1|Послуги, пов'язані з лісівництвом|
02.40.10|Послуги, пов'язані з лісівництвом|
02.40.10-00.00|Послуги, пов'язані з лісівництвом|
3|Риба та інші продукти рибальства; продукти аквакультур; послуги допоміжні, пов'язані з рибальством|
03.0|Риба та інші продукти рибальства; продукти аквакультур; послуги допоміжні, пов'язані з рибальством|
03.00|Риба та інші продукти рибальства; продукти аквакультур; послуги допоміжні, пов'язані з рибальством|
03.00.1|Риба жива|0301 91 0301 92,0301 93 0301 94,0301 95 0301 99
03.00.11|Риба жива декоративна|
03.00.11-00.00|Риба жива декоративна|0301 10
03.00.12|Риба жива морська, нерозведена|
03.00.12-00.00|Риба жива морська, нерозведена|
03.00.13|Риба жива прісноводна, нерозведена|
03.00.13-00.00|Риба жива прісноводна, нерозведена|
03.00.14|Риба жива морська, розведена|
03.00.14-00.00|Риба жива морська, розведена|
03.00.15|Риба жива прісноводна, розведена|
03.00.15-00.00|Риба жива прісноводна, розведена|
03.00.2|Риба свіжа чи охолоджена|302
03.00.21|Риба свіжа чи охолоджена, морська, нерозведена|
03.00.21-00.00|Риба свіжа чи охолоджена, морська, нерозведена|
03.00.22|Риба свіжа чи охолоджена, прісноводна, нерозведена|
03.00.22-00.00|Риба свіжа чи охолоджена, прісноводна, нерозведена|
03.00.23|Риба свіжа чи охолоджена, морська, розведена|
03.00.23-00.00|Риба свіжа чи охолоджена, морська, розведена|
03.00.24|Риба свіжа чи охолоджена, прісноводна, розведена|
03.00.24-00.00|Риба свіжа чи охолоджена, прісноводна, розведена|
03.00.3|Ракоподібні незаморожені|306
03.00.31|Ракоподібні незаморожені, нерозведені|
03.00.31-00.00|Ракоподібні незаморожені, нерозведені|
03.00.32|Ракоподібні незаморожені, розведені|
03.00.32-00.00|Ракоподібні незаморожені, розведені|
03.00.4|Молюски та інші водяні безхребетні, живі, свіжі чи охолоджені|307
03.00.41|Устриці, живі, свіжі чи охолоджені, нерозведені|
03.00.41-00.00|Устриці, живі, свіжі чи охолоджені, нерозведені|
03.00.42|Молюски та водяні безхребетні інші, живі, свіжі чи охолоджені, нерозведені|
03.00.42-00.00|Молюски та водяні безхребетні інші, живі, свіжі чи охолоджені, нерозведені|
03.00.43|Устриці живі, свіжі чи охолоджені, розведені|
03.00.43-00.00|Устриці живі, свіжі чи охолоджені, розведені|
03.00.44|Молюски та водяні безхребетні інші, живі, свіжі чи охолоджені, розведені|
03.00.44-00.00|Молюски та водяні безхребетні інші, живі, свіжі чи охолоджені, розведені|
03.00.5|Перли необроблені|
03.00.51|Перли природні, необроблені|
03.00.51-00.00|Перли природні, необроблені|7101 10 00 00
03.00.52|Перли культивовані, необроблені|
03.00.52-00.00|Перли культивовані, необроблені|710121 00 00
03.00.6|Рослини, тварини водяні інші, їхня продукція|
03.00.61|Корали й подібна продукція, черепашки молюсків, ракоподібних або голкошкірих і скелетні пластини каракатиць|
03.00.61-00.00|Корали й подібна продукція, черепашки молюсків, ракоподібних або голкошкірих і скелетні пластини каракатиць|0508 00 00 00
03.00.62|Губки натуральні тваринного походження|
03.00.62-00.00|Губки натуральні тваринного походження|0509 00
03.00.63|Водорості морські та інші, нерозведені|
03.00.63-00.00|Водорості морські та інші, нерозведені|1212 20
03.00.64|Водорості морські та інші, розведені|
03.00.64-00.00|Водорості морські та інші, розведені|1212 20
03.00.69|Рослини, тварини водяні інші, їхня продукція, н. в. і. у.|
03.00.69-00.00|Рослини, тварини водяні інші, їхня продукція, н. в. і. у.|0106 12 00
03.00.7|Послуги допоміжні у рибальстві та щодо аквакультур|
03.00.71|Послуги допоміжні у рибальстві|
03.00.71-00.00|Послуги допоміжні у рибальстві|
03.00.72|Послуги допоміжні щодо аквакультур|
03.00.72-00.00|Послуги допоміжні щодо аквакультур|