Секція S|ПОСЛУГИ ІНШІ|
94|Послуги громадських організацій|
94.1|Послуги організацій промисловців і підприємців, професійних громадських організацій|
94.11|Послуги організацій промисловців і підприємців|
94.11.1|Послуги організацій промисловців і підприємців|
94.11.10|Послуги організацій промисловців і підприємців|
94.11.10-00.00|Послуги організацій промисловців і підприємців|
94.12|Послуги професійних громадських організацій|
94.12.1|Послуги професійних громадських організацій|
94.12.10|Послуги професійних громадських організацій|
94.12.10-00.00|Послуги професійних громадських організацій|
94.2|Послуги професійних спілок|
94.20|Послуги професійних спілок|
94.20.1|Послуги професійних спілок|
94.20.10|Послуги професійних спілок|
94.20.10-00.00|Послуги професійних спілок|
94.9|Послуги інших громадських організацій|
94.91|Послуги релігійних організацій|
94.91.1|Послуги релігійних організацій|
94.91.10|Послуги релігійних організацій|
94.91.10-00.00|Послуги релігійних організацій|
94.92|Послуги політичних організацій|
94.92.1|Послуги політичних організацій|
94.92.10|Послуги політичних організацій|
94.92.10-00.00|Послуги політичних організацій|
94.99|Послуги інших громадських організацій, н. в. і. у.|
94.99.1|Послуги інших громадських організацій (крім послуг щодо надання фінансової допомоги (грантів)), н. в. і. у.|
94.99.11|Послуги організацій щодо захисту прав людини|
94.99.11-00.00|Послуги організацій щодо захисту прав людини|
94.99.12|Послуги об'єднань захисників довкілля|
94.99.12-00.00|Послуги об'єднань захисників довкілля|
94.99.13|Послуги щодо захисту особливих груп населення|
94.99.13-00.00|Послуги щодо захисту особливих груп населення|
94.99.14|Послуги щодо поліпшування цивільно-правового становища громадян і надання допомоги громаді, інші|
94.99.14-00.00|Послуги щодо поліпшування цивільно-правового становища громадян і надання допомоги громаді, інші|
94.99.15|Послуги молодіжних асоціацій|
94.99.15-00.00|Послуги молодіжних асоціацій|
94.99.16|Послуги асоціацій у сфері культури та відпочинку|
94.99.16-00.00|Послуги асоціацій у сфері культури та відпочинку|
94.99.17|Послуги інших цивільних і соціальних організацій|
94.99.17-00.00|Послуги інших цивільних і соціальних організацій|
94.99.19|Послуги інших громадських організацій, інші, н. в. і. у.|
94.99.19-00.00|Послуги інших громадських організацій, інші, н. в. і. у.|
94.99.2|Послуги щодо надання фінансової допомоги (грантів) громадськими організаціями|
94.99.20|Послуги щодо надання фінансової допомоги (грантів) громадськими організаціями|
94.99.20-00.00|Послуги щодо надання фінансової допомоги (грантів) громадськими організаціями|
95|Ремонтування комп'ютерів, предметів особистого вжитку та побутових виробів|
95.1|Ремонтування комп'ютерів і комунікаційного устатковання|
95.11|Ремонтування комп'ютерів і периферійного устатковання|
95.11.1|Ремонтування комп'ютерів і периферійного устатковання|
95.11.10|Ремонтування комп'ютерів і периферійного устатковання|
95.11.10-00.00|Ремонтування комп'ютерів і периферійного устатковання|
95.12|Ремонтування комунікаційного устатковання|
95.12.1|Ремонтування комунікаційного устатковання|
95.12.10|Ремонтування комунікаційного устатковання|
95.12.10-00.00|Ремонтування комунікаційного устатковання|
95.2|Ремонтування предметів особистого вжитку та господарсько-побутових виробів|
95.21|Ремонтування побутової електронної техніки|
95.21.1|Ремонтування побутової електронної техніки|
95.21.10|Ремонтування побутової електронної техніки.|
95.21.10-00.00|Ремонтування побутової електронної техніки|
95.22|Ремонтування господарсько-побутових приладів і устатковання домашнього та садового вжитку|
95.22.1|Ремонтування господарсько-побутових приладів і устатковання домашнього та садового вжитку|
95.22.10|Ремонтування господарсько-побутових приладів і устаткований домашнього та садового вжитку|
95.22.10-00.00|Ремонтування господарсько-побутових приладів і устатковання домашнього та садового вжитку|
95.23|Ремонтування взуття та шкіряних виробів|
95.23.1|Ремонтування взуття та шкіряних виробів|
95.23.10|Ремонтування взуття та шкіряних виробів|
95.23.10-00.00|Ремонтування взуття та шкіряних виробів|
95.24|Ремонтування меблів і домашнього начиння|
95.24.1|Ремонтування меблів і домашнього начиння|
95.24.10|Ремонтування меблів і домашнього начиння|
95.24.10-00.00|Ремонтування меблів і домашнього начиння|
95.25|Ремонтування годинників і ювелірних виробів|
95.25.1|Ремонтування годинників і ювелірних виробів|
95.25.11|Ремонтування годинників|
95.25.11-00.00|Ремонтування годинників|
95.25.12|Ремонтування ювелірних виробів|
95.25.12-00.00|Ремонтування ювелірних виробів|
95.29|Ремонтування інших предметів особистого вжитку та господарсько-побутових виробів|
95.29.1|Ремонтування інших предметів особистого вжитку та господарсько-побутових виробів|
95.29.11|Ремонтування й припасовування одягу та господарсько-побутових текстильних виробів|
95.29.11-00.00|Ремонтування й припасовування одягу та господарсько-побутових текстильних виробів|
95.29.12|Ремонтування велосипедів|
95.29.12-00.00|Ремонтування велосипедів|
95.29.13|Ремонтування та технічне обслуговування музичних інструментів|
95.29.13-00.00|Ремонтування та технічне обслуговування музичних інструментів|
95.29.14|Ремонтування та технічне обслуговування спортивного устатковання|
95.29.14-00.00|Ремонтування та технічне обслуговування спортивного устатковання|
95.29.19|Ремонтування інших предметів особистого вжитку та господарсько-побутових виробів, н. в. і. у.|
95.29.19-00.00|Ремонтування інших предметів особистого вжитку та господарсько-побутових виробів, н. в. і. у.|
96|Послуги індивідуальні, інші|
96.0|Послуги індивідуальні, інші|
96.01|Послуги щодо прання та хімічного чищення текстильних і хутряних виробів|
96.01.1|Послуги щодо прання та хімічного чищення текстильних і хутряних виробів|
96.01.11|Послуги щодо прання з використанням машин-автоматів з монетоприймачем|
96.01.11-00.00|Послуги щодо прання з використанням машин-автоматів з монетоприймачем|
96.01.12|Послуги щодо хімічного чищення (зокрема послуги щодо чищення хутряних виробів)|
96.01.12-00.00|Послуги щодо хімічного чищення (зокрема послуги щодо чищення хутряних виробів)|
96.01.13|Послуги щодо прасування|
96.01.13-00.00|Послуги щодо прасування|
96.01.14|Послуги щодо фарбування та забарвлювання|
96.01.14-00.00|Послуги щодо фарбування та забарвлювання|
96.01.19|Послуги щодо чищення текстилю, інші|
96.01.19-00.00|Послуги щодо чищення текстилю, інші|
96.02|Послуги перукарські та інші послуги щодо доглядання за зовнішністю|
96.02.1|Послуги перукарські та інші послуги щодо доглядання за зовнішністю|
96.02.11|Послуги перукарські для жінок і дівчат|
96.02.11-00.00|Послуги перукарські для жінок і дівчат|
96.02.12|Послуги перукарські та щодо гоління для чоловіків і хлопців|
96.02.12-00.00|Послуги перукарські та щодо гоління для чоловіків і хлопців|
96.02.13|Послуги косметичні, манікюрні та педикюрні|
96.02.13-00.00|Послуги косметичні, манікюрні та педикюрні|
96.02.19|Послуги щодо доглядання за зовнішністю, інші|
96.02.19-00.00|Послуги щодо доглядання за зовнішністю, інші|
96.02.2|Волосся людини, необроблене|
96.02.20|Волосся людини, необроблене|
96.02.20-00.00|Волосся людини, необроблене|0501 00 00
96.03|Послуги похоронні та суміжні послуги|
96.03.1|Послуги похоронні та суміжні послуги|
96.03.11|Послуги щодо поховання та кремації|
96.03.11-00.00|Послуги щодо поховання та кремації|
96.03.12|Послуги похоронних бюро|
96.03.12-00.00|Послуги похоронних бюро|
96.04|Послуги щодо доглядання за тілом людини|
96.04.1|Послуги щодо доглядання за тілом людини|
96.04.10|Послуги щодо доглядання за тілом людини|
96.04.10-00.00|Послуги щодо доглядання за тілом людини|
96.09|Послуги індивідуальні інші, н. в. і. у.|
96.09.1|Послуги індивідуальні інші, н. в. і. у.|
96.09.11|Послуги щодо доглядання за домашніми тваринами|
96.09.11-00.00|Послуги щодо доглядання за домашніми тваринами|
96.09.12|Послуги служб супроводження|
96.09.12-00.00|Послуги служб супроводження|
96.09.13|Послуги, пов'язані з використанням машин-автоматів з монетоприймачем, н. в. і. у.|
96.09.13-00.00|Послуги, пов'язані з використанням машин-автоматів з монетоприймачем, н. в. і. у.|
96.09.19|Послуги різні, інші, н. в. і. у.|
96.09.19-00.00|Послуги різні, інші, н. в. і. у.|