Секція P|ПОСЛУГИ У СФЕРІ ОСВІТИ|
85|Послуги у сфері освіти|
85.1|Послуги у сфері дошкільної освіти|
85.10|Послуги у сфері дошкільної освіти|
85.10.1|Послуги у сфері дошкільної освіти|
85.10.10|Послуги у сфері дошкільної освіти|
85.10.10-00.00|Послуги у сфері дошкільної освіти|
85.2|Послуги у сфері початкової освіти|
85.20|Послуги у сфері початкової освіти|
85.20.1|Послуги у сфері початкової освіти|
85.20.11|Послуги у сфері початкової освіти оперативнодоступні (у режимі on-line)|
85.20.11-00.00|Послуги у сфері початкової освіти оперативнодоступні (у режимі on-line)|
85.20.12|Послуги у сфері початкової освіти, інші|
85.20.12-00.00|Послуги у сфері початкової освіти, інші|
85.3|Послуги у сфері середньої освіти|
85.31|Послуги у сфері загальної середньої освіти|
85.31.1|Послуги у сфері загальної середньої освіти|
85.31.11|Послуги у сфері неповної загальної середньої освіти оперативнодоступні (у режимі on-line)|
85.31.11-00.00|Послуги у сфері неповної загальної середньої освіти оперативнодоступні (у режимі on-line)|
85.31.12|Послуги у сфері неповної загальної середньої освіти, інші|
85.31.12-00.00|Послуги у сфері неповної загальної середньої освіти, інші|
85.31.13|Послуги у сфері повної загальної середньої освіти оперативнодоступні (у режимі on-line)|
85.31.13-00.00|Послуги у сфері повної загальної середньої освіти оперативнодоступні (у режимі on-line)|
85.31.14|Послуги у сфері повної загальної середньої освіти, інші|
85.31.14-00.00|Послуги у сфері повної загальної середньої освіти, інші|
85.32|Послуги у сфері середньої професійно-технічної освіти|
85.32.1|Послуги у сфері середньої професійно-технічної освіти|
85.32.11|Послуги у сфері неповної середньої професійно-технічної освіти оперативнодоступні (у режимі on-line)|
85.32.11-00.00|Послуги у сфері неповної середньої професійно-технічної освіти оперативнодоступні (у режимі on-line)|
85.32.12|Послуги у сфері неповної середньої професійно-технічної освіти, інші|
85.32.12-00.00|Послуги у сфері неповної середньої професійно-технічної освіти, інші|
85.32.13|Послуги у сфері повної середньої професійно-технічної освіти оперативнодоступні (у режимі on-line)|
85.32.13-00.00|Послуги у сфері повної середньої професійно-технічної освіти оперативнодоступні (у режимі on-line)|
85.32.14|Послуги у сфері повної середньої професійно-технічної освіти, інші|
85.32.14-00.00|Послуги у сфері повної середньої професійно-технічної освіти, інші|
85.4|Послуги у сфері вищої освіти|
85.41|Послуги у сфері післяшкільної освіти неуніверситетського рівня|
85.41.1|Послуги у сфері післяшкільної освіти неуніверситетського рівня|
85.41.11|Послуги у сфері післяшкільної загальної освіти неуніверситетського рівня оперативнодоступні (у режимі on-line)|
85.41.11-00.00|Послуги у сфері післяшкільної загальної освіти неуніверситетського рівня; оперативнодоступні (у режимі on-line)|
85.41.12|Послуги у сфері післяшкільної загальної освіти неуніверситетського рівня, інші|
85.41.12-00.00|Послуги у сфері післяшкільної загальної освіти неуніверситетського рівня, інші|
85.41.13|Послуги у сфері післяшкільної професійно-технічної освіти неуніверситетського рівня оперативнодоступні (у режимі on-line)|
85.41.13-00.00|Послуги у сфері післяшкільної професійно-технічної освіти неуніверситетського рівня оперативнодоступні (у режимі on-line)|
85.41.14|Послуги у сфері післяшкільної професійно-технічної освіти неуніверситетського рівня, інші|
85.41.14-00.00|Послуги у сфері післяшкільної професійно-технічної освіти неуніверситетського рівня, інші|
85.42|Послуги у сфері вищої освіти університетського рівня|
85.42.1|Послуги у сфері вищої освіти університетського рівня|
85.42.11|Послуги у сфері вищої університетської освіти першого ступеня оперативнодоступні (у режимі on-line)|
85.42.11-00.00|Послуги у сфері вищої університетської освіти першого ступеня оперативнодоступні (у режимі on-line)|
85.42.12|Послуги у сфері вищої університетської освіти першого ступеня, інші|
85.42.12-00.00|Послуги у сфері вищої університетської освіти першого ступеня, інші|
85.42.13|Послуги у сфері вищої університетської освіти другого ступеня оперативнодоступні (у режимі on-line)|
85.42.13-00.00|Послуги у сфері вищої університетської освіти другого ступеня оперативнодоступні (у режимі on-line)|
85.42.14|Послуги у сфері вищої університетської освіти другого ступеня, інші|
85.42.14-00.00|Послуги у сфері вищої університетської освіти другого ступеня, інші|
85.42.15|Послуги у сфері вищої університетської освіти третього ступеня оперативнодоступні (у режимі on-line)|
85.42.15-00.00|Послуги у сфері вищої університетської освіти третього ступеня оперативнодоступні (у режимі on-line)|
85.42.16|Послуги у сфері вищої університетської освіти третього ступеня, інші|
85.42.16-00.00|Послуги у сфері вищої університетської освіти третього ступеня, інші|
85.5|Послуги у сфері освіти, інші|
85.51|Послуги освітянські у сфері спорту та відпочинку|
85.51.1|Послуги освітянські у сфері спорту та відпочинку|
85.51.10|Послуги освітянські у сфері спорту та відпочинку|
85.51.10-00.00|Послуги освітянські у сфері спорту та відпочинку|
85.52|Послуги освітянські у сфері культури|
85.52.1|Послуги освітянські у сфері культури|
85.52.11|Послуги шкіл танців і вчителів танців|
85.52.11-00.00|Послуги шкіл танців і вчителів танців|
85.52.12|Послуги музичних шкіл і вчителів музики|
85.52.12-00.00|Послуги музичних шкіл і вчителів музики|
85.52.13|Послуги шкіл і курсів образотворчого та декоративного мистецтва|
85.52.13-00.00|Послуги шкіл і курсів образотворчого та декоративного мистецтва|
85.52.19|Послуги освітянські у сфері культури, інші|
85.52.19-00.00|Послуги освітянські у сфері культури, інші|
85.53|Послуги шкіл щодо навчання водінню транспортних засобів|
85.53.1|Послуги шкіл щодо навчання водінню транспортних засобів|
85.53.11|Послуги автошкіл|
85.53.11-00.00|Послуги автошкіл|
85.53.12|Послуги шкіл щодо навчання водінню літальних апаратів і суден|
85.53.12-00.00|Послуги шкіл щодо навчання водінню літальних апаратів і суден|
85.59|Послуги освітянські, інші, н. в. і. у.|
85.59.1|Послуги освітянські, інші, н. в. і. у.|
85.59.11|Послуги шкіл іноземних мов|
85.59.11-00.00|Послуги шкіл іноземних мов|
85.59.12|Послуги шкіл інформаційних технологій|
85.59.12-00.00|Послуги шкіл інформаційних технологій|
85.59.13|Послуги у сфері професійної освіти, н. в. і. у.|
85.59.13-00.00|Послуги у сфері професійної освіти, н. в. і. у.|
85.59.19|Послуги освітянські, н. в. і. у.|
85.59.19-00.00|Послуги освітянські, н. в. і. у.|
85.6|Послуги освітянські допоміжні|
85.60|Послуги освітянські допоміжні|
85.60.1|Послуги освітянські допоміжні|
85.60.10|Послуги освітянські допоміжні|
85.60.10-00.00|Послуги освітянські допоміжні|