Секція J|ПОСЛУГИ ТЕЛЕКОМУНІКАЦІЙНІ ТА ІНФОРМАЦІЙНІ|
58|Послуги видавничі|
58.1|Послуги щодо видавання книжок, періодичних видань та інші видавничі послуги|
58.11|Послуги щодо видавання книжок|
58.11.1|Книжки друковані|
58.11.11|Підручники друковані|
58.11.11-00.00|Підручники друковані|
58.11.12|Книжки професійні та науково-технічні друковані|
58.11.12-00.00|Книжки професійні та науково-технічні друковані|
58.11.13|Книжки для дітей друковані|
58.11.13-00.00|Книжки для дітей друковані|4903 00 00
58.11.14|Словники та енциклопедії друковані|
58.11.14-00.00|Словники та енциклопедії друковані|4901 91 00
58.11.15|Атласи та інші книжки з картами друковані|
58.11.15-00.00|Атласи та інші книжки з картами друковані|4905 91 00
58.11.16|Карти географічні, гідрографічні чи подібні, друковані не у формі книжок|
58.11.16-00.00|Карти географічні, гідрографічні чи подібні, друковані не у формі книжок|4905 99 00
58.11.19|Книжки, брошури, рекламні проспекти та подібні матеріали, друковані, інші|
58.11.19-00.00|Книжки, брошури, рекламні проспекти та подібні матеріали, друковані, інші|4901 10 00,4901 99 00
58.11.2|Книжки на диску, магнітній стрічці чи на інших фізичних носіях|
58.11.20|Книжки на диску, магнітній стрічці чи на інших фізичних носіях|
58.11.20-00.00|Книжки на диску, магнітній стрічці чи на інших фізичних носіях|
58.11.3|Інтернет-книжки|
58.11.30|Інтернет-книжки|
58.11.30-00.00|Інтернет-книжки|
58.11.4|Продаж рекламного місця у книжках|
58.11.41|Продаж рекламного місця у книжках|
58.11.41-00.00|Продаж рекламного місця у книжках|
58.11.42|Продаж рекламного місця у книжках в електронному вигляді|
58.11.42-00.00|Продаж рекламного місця у книжках в електронному вигляді|
58.11.5|Видавання книжок за оплату чи на договірних засадах|
58.11.50|Видавання книжок за оплату чи на договірних засадах|
58.11.50-00.00|Видавання книжок за оплату чи на договірних засадах|
58.11.6|Послуги щодо видання ліцензії, пов'язаної з книжками|
58.11.60|Послуги щодо видання ліцензії, пов'язаної з книжками|
58.11.60-00.00|Послуги щодо видання ліцензії, пов'язаної з книжками|
58.12|Видавання довідників і списків адресатів|
58.12.1|Довідники та списки адресатів, друковані чи на фізичних носіях|
58.12.10|Довідники та списки адресатів, друковані чи на фізичних носіях|
58.12.10-00.00|Довідники та списки адресатів, друковані чи на фізичних носіях|
58.12.2|Інтернет-довідники та інтернет-списки адресатів|
58.12.20|Інтернет-довідники та інтернет-списки адресатів|
58.12.20-00.00|Інтернет-довідники та інтернет-списки адресатів|
58.12.3|Послуги щодо видання ліцензії на право користування довідниками та списками адресатів|
58.12.30|Послуги щодо видання ліцензії на право користування довідниками та списками адресатів|
58.12.30-00.00|Послуги щодо видання ліцензії на право користування довідниками та списками адресатів|
58.13|Послуги щодо видавання газет|
58.13.1|Газети друковані|
58.13.10|Газети друковані|
58.13.10-00.00|Газети друковані|4902 10 00
58.13.2|Інтернет-газети|
58.13.20|Інтернет-газети|
58.13.20-00.00|Інтернет-газети|
58.13.3|Продаж рекламного місця в газетах|
58.13.31|Продаж рекламного місця в друкованих газетах|
53.13.31-00.00|Продаж рекламного місця в друкованих газетах|
58.13.32|Продаж рекламного місця в газетах в електронному вигляді|
58.13.32-00.00|Місця рекламні в газетах в електронному вигляді|
58.14|Послуги щодо видавання журналів і періодичних матеріалів|
58.14.1|Журнали та періодичні видання друковані|
58.14.11|Журнали та періодичні видання неспеціалізовані, друковані|
58.14.11-00.00|Журнали та періодичні видання неспеціалізовані, друковані|4902 90 10,4902 90 30,4902 90 90
58.14.12|Журнали та періодичні видання загальнокомерційні, професійні й академічні, друковані|
58.14.12-00.00|Журнали та періодичні видання загальнокомерційні, професійні й академічні, друковані|
58.14.19|Журнали та періодичні видання, друковані, інші|
58.14.19-0.00|Журнали та періодичні видання, друковані, інші|
58.14.2|Інтернет-журнали та періодичні інтернет-видання|
58.14.20|Інтернет-журнали та періодичні інтернет-видання|
58.14.20-00.00|Інтернет-журнали та періодичні інтернет-видання|
58.14.3|Продаж рекламного місця в журналах і періодичних виданнях|
58.14.31|Продаж рекламного місця в друкованих журналах і періодичних виданнях|
58.14.31-00.00|Продаж рекламного місця в друкованих журналах і періодичних виданнях|
58.14.32|Продаж рекламного місця в журналах і періодичних виданнях в електронному вигляді|
58.14.32-00.00|Продаж рекламного місця в журналах і періодичних виданнях в електронному вигляді|
58.14.4|Послуги щодо видання ліцензії, пов'язаної з журналами та періодичними виданнями|
58.14.40|Послуги щодо видання ліцензії, пов'язаної з журналами та періодичними виданнями|
58.14.40-00.00|Послуги щодо видання ліцензії, пов'язаної з журналами та періодичними виданнями|
58.19|Послуги видавничі, інші|
58.19.1|Послуги щодо видавання друкованої продукції, інші|
58.19.11|Картки поштові, вітальні листівки та подібні вироби, друковані|
58.19.11-00.00|Картки поштові, вітальні листівки та подібні вироби, друковані|4909 00 10,4909 00 90
58.19.12|Репродукції, кресленики та фотографії, друковані|
58.19.12-00.00|Репродукції, кресленики та фотографії, друковані|4911 91 00
58.19.13|Картинки перебивні (декалькоманія), календарі, друковані|
58.19.13-00.00|Картинки перебивні (декалькоманія), календарі, друковані|4908 10 00,4908 90 00,4910 00 00
58.19.14|Марки поштові, гербові чи подібні нові; гербовий папір; чекові книжки; банкноти, акції, облігації та подібні цінні папери, друковані|
58.19.14-00.00|Марки поштові, гербові чи подібні нові; гербовий папір; чекові книжки; банкноти, акції, облігації та подібні цінні папери, друковані|4907 00 10,4907 00 30,4907 00 90
58.19.15|Матеріали рекламні комерційні, торгові каталоги та подібні вироби, друковані|
58.19.15-00.00|Матеріали рекламні комерційні, торгові каталоги та подібні вироби, друковані|4911 10 10,4911 10 90
58.19.19|Продукція друкована, інша|
58.19.19-00.00|Продукція друкована, інша|4911 99 00
58.19.2|Інтернет-видання, інші|
58.19.21|Інтернет-видання для дорослих|
58.18.21-00.00|Інтернет-видання для дорослих|
58.19.29|Інтернет-видання, інші, н. в. і. у.|
58.19.29-00.00|Інтернет-видання, інші, н. в. і. у.|
58.19.3|Послуги щодо видання ліцензії, пов'язаної з іншою друкованою продукцією|
58.19.30|Послуги щодо видання ліцензії, пов'язаної з іншою друкованою продукцією|
58.19.30-00.00|Послуги щодо видання ліцензії, пов'язаної з іншою друкованою продукцією|
58.2|Послуги щодо видавання програмних засобів|
58.21|Послуги щодо видавання комп'ютерних ігор|
58.21.1|Ігри комп'ютерні на фізичних носіях|
58.21.10|Ігри комп'ютерні на фізичних носіях|
58.21.10-00.00|Ігри комп'ютерні на фізичних носіях|
58.21.2|Ігри комп'ютерні як завантажні файли|
58.21.20|Ігри комп'ютерні як завантажні файли|
58.21.20-00.00|Ігри комп'ютерні як завантажні файли|
58.21.3|Інтернет-ігри|
58.21.30|Інтернет-ігри|
58.21.30-00.00|Інтернет-ігри|
58.21.4|Послуги щодо видання ліцензії на право користування комп'ютерними іграми|
58.21.40|Послуги щодо видання ліцензії на право користування комп'ютерними іграми|
58.21.40-00.00|Послуги щодо видання ліцензії на право користування комп'ютерними іграми|
58.29|Послуги щодо видавання інших програмних засобів|
58.29.1|Програмне забезпечення системне на фізичних носіях|
58.29.11|Системи операційні на фізичних носіях|
58.29.11-00.00|Системи операційні на фізичних носіях|8523 29 31,8523 40 25,8523 40 91,8523 51 91,8523 59 91,8523 80 91
58.29.12|Програмне забезпечення мережеве, на фізичних носіях|
58.29.12-00.00|Програмне забезпечення мережеве, на фізичних носіях|
58.29.13|Програмне забезпечення керування базами даних, на фізичних носіях|
58.29.13-00.00|Програмне забезпечення керування базами даних, на фізичних носіях|
58.29.14|Програмне забезпечення засобів розробляння та мов програмування на фізичних носіях|
58.29.14-00.00|Програмне забезпечення засобів розробляння та мов програмування на фізичних носіях|
58.29.2|Програмне забезпечення прикладне на фізичних носіях|
58.29.21|Програми прикладні загальної призначеності, комерційні, та для домашнього використання, на фізичних носіях|
58.29.21-00.00|Програми прикладні загальної призначеності, комерційні, та для домашнього використання, на фізичних носіях|
58.29.29|Програмне забезпечення прикладне на фізичних носіях, інше|
58.29.29-00.00|Програмне забезпечення прикладне на фізичних носіях, інше|8523 29 33,8523 40 45,8523 40 93,8523 51 93,8523 59 93,8523 80 93
58.29.3|Програмне забезпечення як завантажні файли|
58.29.31|Програмне забезпечення системне як завантажні файли|
58.29.31-00.00|Програмне забезпечення системне як завантажні файли|
58.29.32|Програмне забезпечення прикладне як завантажні файли|
58.29.32-00.00|Програмне забезпечення прикладне як завантажні файли|
58.29.4|Програмне забезпечення оперативнодоступне (у режимі on-line)|
58.29.40|Програмне забезпечення оперативнодоступне (у режимі on-line)|
58.29.40-00.00|Програмне забезпечення оперативнодоступне (у режимі on-line)|
58.29.5|Послуги щодо видання ліцензії на право користування програмним забезпеченням|
58.29.50|Послуги щодо видання ліцензії на право користування програмним забезпеченням|
58.29.50-00.00|Послуги щодо видання ліцензії на право користування програмним забезпеченням|
59|Послуги щодо виробництва кінофільмів, відеофільмів і телевізійних програм, записування звуку та видавання музичних творів|
59.1|Послуги, пов'язані з кінофільмами, відеофільмами та телевізійними програмами|
59.11|Послуги щодо виробництва кінофільмів, відеофільмів і телевізійних програм|
59.11.1|Послуги щодо виробництва кінофільмів, відеофільмів і телевізійних програм|
59.11.11|Послуги щодо виробництва кінофільмів|
59.11.11-00.00|Послуги щодо виробництва кінофільмів|
59.11.12|Послуги щодо виробництва пропагувальних або рекламних кінофільмів і відеофільмів|
59.11.12-00.00|Послуги щодо виробництва пропагувальних або рекламних кінофільмів і відеофільмів|
59.11.13|Послуги щодо виробництва інших телевізійних програм|
59.11.13-00.00|Послуги щодо виробництва інших телевізійних програм|
59.11.2|Продукція кінематографічна, відеопродукція та телевізійна продукція|
59.11.21|Оригінали кінофільмів, відеофільмів і телевізійних програм|
59.11.21-00.00|Оригінали кінофільмів, відеофільмів і телевізійних програм|
59.11.22|Фільми кінематографічні|
59.11.22-00.00|Фільми кінематографічні|3706
59.11.23|Фільми та інші відеоматеріали на дисках, стрічках або інших фізичних носіях|
59.11.23-00.00|Фільми та інші відеоматеріали на дисках, стрічках або інших фізичних носіях|8523 29 39,8523 40 51,8523 40 59,8523 40 99,8523 51 99,8523 59 99
59.11.24|Фільми та інші відеоматеріали як завантажні файли|
59.11.24-00.00|Фільми та інші відеоматеріали як завантажні файли|
59.11.3|Продаж рекламного місця чи часу в кінофільмах, відеофільмах і телевізійних програмах|
59.11.30|Продаж рекламного місця чи часу в кінофільмах, відеофільмах і телевізійних програмах|
59.11.30-00.00|Продаж рекламного місця чи часу в кінофільмах, відеофільмах і телевізійних програмах|
59.12|Послуги щодо поствиробництва кінофільмів, відеофільмів і телевізійних програм|
59.12.1|Послуги щодо поствиробництва кінофільмів, відеофільмів і телевізійних програм|
59.12.11|Послуги щодо монтування звуку та зображення|
59.12.11-00.00|Послуги щодо монтування звуку та зображення|
59.12.12|Послуги щодо переведення в інші формати та тиражування мастер-копій|
59.12.12-00.00|Послуги щодо переведення в інші формати та тиражування мастер-копій|
59.12.13|Послуги щодо колірного коректування та цифрового реставрування|
59.12.13-00.00|Послуги щодо колірного коректування та цифрового реставрування|
59.12.14|Послуги щодо створювання візуальних ефектів|
59.12.14-00.00|Послуги щодо створювання візуальних ефектів|
59.12.15|Послуги щодо введення анімації|
59.12.15-00.00|Послуги щодо введення анімації|
59.12.16|Послуги щодо введення написів, титрів і субтитрів|
59.12.16-00.00|Послуги щодо введення написів, титрів і субтитрів|
59.12.17|Послуги щодо монтування фонограм|
59.12.17-00.00|Послуги щодо монтування фонограм|
59.12.19|Послуги щодо поствиробництва кінофільмів, відеофільмів і телевізійних програм, інші|
59.12.19-00.00|Послуги щодо поствиробництва кінофільмів, відеофільмів і телевізійних програм, інші|
59.13|Послуги щодо розповсюджування кінофільмів, відеофільмів і телевізійних програм|
59.13.1|Послуги щодо видання ліцензії, пов'язаної з кінофільмами, відеофільмами та телевізійними програмами, і послуги щодо розповсюджування кінофільмів, відеофільмів і телевізійних програм|
59.13.11|Послуги щодо видання ліцензії, пов'язаної з правами на фільми та доходами від них|
59.13.11-00.00|Послуги щодо видання ліцензії, пов'язаної з правами на фільми та доходами від них|
59.13.12|Послуги щодо розповсюджування кінофільмів, відеофільмів і телевізійних програм, інші|
59.13.12-00.00|Послуги щодо розповсюджування кінофільмів, відеофільмів і телевізійних програм, інші|
59.14|Послуги щодо демонстрування кінофільмів|
59.14.1|Послуги щодо демонстрування кінофільмів|
59.14.10|Послуги щодо демонстрування кінофільмів|
59.14.10-00.00|Послуги щодо демонстрування кінофільмів|
59.2|Послуги щодо записування звуку та видавання музичних творів|
59.20|Послуги щодо записування звуку та видавання музичних творів|
59.20.1|Послуги щодо записування звуку та записування наживо; оригінали звукозаписів|
59.20.11|Послуги щодо записування звуку|
59.20.11-00.00|Послуги щодо записування звуку|
59.20.12|Послуги щодо записування наживо|
59.20.12-00.00|Послуги щодо записування наживо|
59.20.13|Оригінали звукозаписів|
59.20.13-00.00|Оригінали звукозаписів|
59.20.2|Послуги щодо виробництва радіопрограм; оригінали радіопрограм|
59.20.21|Послуги щодо виробництва радіопрограм|
59.20.21-00.00|Послуги щодо виробництва радіопрограм|
59.20.22|Оригінали радіопрограм|
59.20.22-00.00|Оригінали радіопрограм|
59.20.3|Послуги щодо видавання музичних творів|
59.20.31|Видання нотні, друковані|
59.20.31-00.00|Видання нотні, друковані|4904 00 00
59.20.32|Ноти в електронному вигляді|
59.20.32-00.00|Ноти в електронному вигляді|
59.20.33|Диски, стрічки та інші фізичні носії з музичними аудіозаписами|
59.20.33-00.00|Диски, стрічки та інші фізичні носії з музичними аудіозаписами|8523 40 31,8523 40 39,8523 80 99
59.20.34|Диски та стрічки з іншими аудіозаписами|
59.20.34-00.00|Диски та стрічки з іншими аудіозаписами|
59.20.35|Твори музичні як завантажні файли|
59.20.35-00.00|Твори музичні як завантажні файли|
59.20.4|Послуги щодо видання ліцензії на право користування оригіналами пісень і музичних творів|
59.20.40|Послуги щодо видання ліцензії на право користування оригіналами пісень і музичних творів|
59.20.40-00.00|Послуги щодо видання ліцензії на право користування оригіналами пісень і музичних творів|
60|Послуги щодо підготування програм і щодо телерадіомовлення|
60.1|Послуги щодо радіомовлення|
60.10|Послуги щодо радіомовлення|
60.10.1|Послуги щодо радіомовлення; оригінали радіомовних передач|
60.10.11|Послуги щодо підготування радіопрограм і радіомовлення|
60.10.11-00.00|Послуги щодо підготування радіопрограм і радіомовлення|
60.10.12|Оригінали радіомовних передач|
60.10.12-00.00|Оригінали радіомовних передач|
60.10.2|Програми радіостанцій|
60.10.20|Програми радіостанцій|
60.10.20-00.00|Програми радіостанцій|
60.10.3|Продаж рекламного часу на радіо|
60.10.30|Продаж рекламного часу на радіо|
60.10.30-00.00|Продаж рекламного часу на радіо|
60.2|Послуги щодо підготування телепрограм і телемовлення; оригінали телемовних передач|
60.20|Послуги щодо підготування телепрограм і телемовлення; оригінали телемовних передач|
60.20.1|Послуги щодо підготування телепрограм і телемовлення|
60.20.11|Послуги щодо підготування телепрограм і телемовлення в прямому ефірі, крім послуг абонентських каналів|
60.20.11-00.00|Послуги щодо підготування телепрограм та телемовлення в прямому ефірі, крім послуг абонентських каналів|
60.20.12|Послуги щодо підготування телепрограм і телемовлення, крім послуг абонентських каналів, інші|
60.20.12-00.00|Послуги щодо підготування телепрограм і телемовлення, крім послуг абонентських каналів, інші|
60.20.13|Послуги щодо підготування телепрограм і телемовлення в прямому ефірі, за передоплатою|
60.20.13-00.00|Послуги щодо підготування телепрограм і телемовлення в прямому ефірі, за передоплатою|
60.20.14|Послуги щодо підготування телепрограм і телемовлення, за передоплатою, інші|
60.20.14-00.00|Послуги щодо підготування телепрограм і телемовлення, за передоплатою, інші|
60.20.2|Оригінали телемовних передач|
60.20.20|Оригінали телемовних передач|
60.20.20-00.00|Оригінали телемовних передач|
60.20.3|Програми телевізійних каналів|
60.20.31|Програми телевізійних каналів, крім каналів за передоплатою|
60.20.31-00.00|Програми телевізійних каналів, крім каналів за передоплатою|
60.20.32|Програми телевізійних каналів за передоплатою|
60.20.32-00.00|Програми телевізійних каналів за передоплатою|
60.20.4|Продаж рекламного часу на телебаченні|
60.20.40|Продаж рекламного часу на телебаченні|
60.20.40-00.00|Продаж рекламного часу на телебаченні|
61|Послуги телекомунікаційні|
61.1|Послуги проводового електрозв'язку|
61.10|Послуги проводового електрозв'язку|
61.10.1|Послуги щодо передавання даних і повідомлень|
61.10.11|Послуги стаціонарного телефонного зв'язку - доступ і користування|
61.10.11-00.00|Послуги стаціонарного телефонного зв'язку - доступ і користування|
61.10.12|Послуги стаціонарного телефонного зв'язку - можливості викликання|
61.10.12-00.00|Послуги стаціонарного телефонного зв'язку - можливості викликання|
61.10.13|Послуги приватних мереж для систем проводового електрозв'язку|
61.10.13-00.00|Послуги приватних мереж для систем проводового електрозв'язку|
61.10.2|Послуги щодо пропускання трафіку мережами проводового електрозв'язку|
61.10.20|Послуги щодо пропускання трафіку мережами проводового електрозв'язку|
61.10.20-00.00|Послуги щодо пропускання трафіку мережами проводового електрозв'язку|
61.10.3|Послуги щодо передавання даних мережами проводового зв'язку|
61.10.30|Послуги щодо передавання даних мережами проводового зв'язку|
61.10.30-00.00|Послуги щодо передавання даних мережами проводового зв'язку|
61.10.4|Послуги зв'язку Інтернетом проводовими мережами|
61.10.41|Послуги опорних мереж Інтернету|
61.10.41-00.00|Послуги опорних мереж Інтернету|
61.10.42|Послуги щодо забезпечення вузькосмугового доступу до Інтернету проводовими мережами|
61.10.42-00.00|Послуги щодо забезпечення вузькосмугового доступу до Інтернету проводовими мережами|
61.10.43|Послуги щодо забезпечення широкосмугового доступу до Інтернету проводовими мережами|
61.10.43-00.00|Послуги щодо забезпечення широкосмугового доступу до Інтернету проводовими мережами|
61.10.49|Послуги зв'язку Інтернетом проводовими мережами, інші|
61.10.49-00.00|Послуги зв'язку Інтернетом проводовими мережами, інші|
61.10.5|Послуги щодо розповсюджування програм у домівки за допомогою проводової інфраструктури|
61.10.51|Послуги щодо розповсюджування програм у домівки за допомогою проводової інфраструктури, базовий пакет програм|
61.10.51-00.00|Послуги щодо розповсюджування програм у домівки за допомогою проводової інфраструктури, базовий пакет програм|
61.10.52|Послуги щодо розповсюджування програм у домівки за допомогою проводової інфраструктури, пакет програм на вибір|
61.10.52-00.00|Послуги щодо розповсюджування програм у домівки за допомогою проводової інфраструктури, пакет програм на вибір|
61.10.53|Послуги щодо розповсюджування програм у домівки за допомогою проводової інфраструктури, плата за перегляд|
61.10.53-00.00|Послуги щодо розповсюджування програм у домівки за допомогою проводової інфраструктури, плата за перегляд|
61.2|Послуги безпроводового зв'язку|
61.20|Послуги безпроводового зв'язку|
61.20.1|Послуги мобільного зв'язку й послуги приватних мереж для систем безпроводового зв'язку|
61.20.11|Послуги мобільного зв'язку - доступ і користування|
61.20.11-00.00|Послуги мобільного зв'язку - доступ і користування|
61.20.12|Послуги мобільного зв'язку - можливості викликання|
61.20.12-00.00|Послуги мобільного зв'язку - можливості викликання|
61.20.13|Послуги приватних мереж для систем безпроводового зв'язку|
61.20.13-00.00|Послуги приватних мереж для систем безпроводового зв'язку|
61.20.2|Послуги щодо пропускання трафіку мережами безпроводового зв'язку|
61.20.20|Послуги щодо пропускання трафіку мережами безпроводового зв'язку|
61.20.20-00.00|Послуги щодо пропускання трафіку мережами безпроводового зв'язку|
61.20.3|Послуги щодо передавання даних мережами безпроводового зв'язку|
61.20.30|Послуги щодо передавання даних мережами безпроводового зв'язку|
61.20.30-00.00|Послуги щодо передавання даних мережами безпроводового зв'язку|
61.20.4|Послуги зв'язку Інтернетом безпроводовими мережами|
61.20.41|Послуги щодо забезпечення вузькосмугового доступу до Інтернету безпроводовими мережами|
61.20.41-00.00|Послуги щодо забезпечення вузькосмугового доступу до Інтернету безпроводовими мережами|
61.20.42|Послуги щодо забезпечення широкосмугового доступу до Інтернету безпроводовими мережами|
61.20.42-00.00|Послуги щодо забезпечення широкосмугового доступу до Інтернету безпроводовими мережами|
61.20.49|Послуги зв'язку Інтернетом безпроводовими мережами, інші|
61.20.49-00.00|Послуги зв'язку Інтернетом безпроводовими мережами, інші|
61.20.5|Послуги щодо розповсюджування програм у домівки безпроводовими мережами|
61.20.50|Послуги щодо розповсюджування програм у домівки безпроводовими мережами|
61.20.50-00.00|Послуги щодо розповсюджування програм у домівки безпроводовими мережами|
61.3|Послуги супутникового зв'язку|
61.30|Послуги супутникового зв'язку|
61.30.1|Послуги супутникового зв'язку, крім послуг щодо розповсюджування програм у домівки за допомогою супутників|
61.30.10|Послуги супутникового зв'язку, крім послуг щодо розповсюджування програм у домівки за допомогою супутників|
61.30.10-00.00|Послуги супутникового зв'язку, крім послуг щодо розповсюджування програм у домівки за допомогою супутників|
61.30.2|Послуги щодо розповсюджування програм у домівки за допомогою супутників|
61.30.20|Послуги щодо розповсюджування програм у домівки за допомогою супутників|
61.30.20-00.00|Послуги щодо розповсюджування програм у домівки за допомогою супутників|
61.9|Послуги телекомунікаційні, інші|
61.90|Послуги телекомунікаційні, інші|
61.90.1|Послуги телекомунікаційні, інші|
61.90.10|Послуги телекомунікаційні, інші|
61.90.10-00.00|Послуги телекомунікаційні, інші|
62|Послуги щодо комп'ютерного програмування, консультування та суміжні послуги|
62.0|Послуги щодо комп'ютерного програмування, консультування та суміжні послуги|
62.01|Послуги щодо комп'ютерного програмування|
62.01.1|Послуги щодо проектування та розробляння у сфері інформаційних технологій|
62.01.11|Послуги щодо проектування та розробляння у сфері інформаційних технологій для прикладних завдань|
62.01.11-00.00|Послуги щодо проектування та розробляння у сфері інформаційних технологій для прикладних завдань|
62.01.12|Послуги щодо проектування та розробляння у сфері інформаційних технологій для мереж і систем|
62.01.12-00.00|Послуги щодо проектування та розробляння у сфері інформаційних технологій для мереж і систем|
62.01.2|Оригінали програмного забезпечення|
62.01.21|Оригінали програмного забезпечення комп'ютерних ігор|
62.01.21-00.00|Оригінали програмного забезпечення комп'ютерних ігор|
62.01.29|Оригінали програмного забезпечення, інші|
62.01.29-00.00|Оригінали програмного забезпечення, інші|
62.02|Послуги щодо консультування стосовно комп'ютерної техніки|
62.02.1|Послуги щодо консультування стосовно апаратного забезпечення|
62.02.10|Послуги щодо консультування стосовно апаратного забезпечення|
62.02.10-00.00|Послуги щодо консультування стосовно апаратного забезпечення|
62.02.2|Послуги щодо консультування стосовно систем і програмного забезпечення|
62.02.20|Послуги щодо консультування стосовно систем і програмного забезпечення|
62.02.20-00.00|Послуги щодо консультування стосовне систем і програмного забезпечення|
62.02.3|Послуги щодо технічної допомоги у сфері інформаційних технологій|
62.02.30|Послуги щодо технічної допомоги у сфері інформаційних технологій|
62.02.30-00.00|Послуги щодо технічної допомоги у сфері інформаційних технологій|
62.03|Послуги щодо керування комп'ютерними засобами|
62.03.1|Послуги щодо керування комп'ютерними засобами|
62.03.11|Послуги щодо керування мережами|
62.03.11-00.00|Послуги щодо керування мережами|
62.03.12|Послуги щодо керування комп'ютерними системами|
62.03.12-00.00|Послуги щодо керування комп'ютерними системами|
62.09|Послуги у сфері інформаційних технологій та стосовно комп'ютерної техніки, інші|
62.09.1|Послуги щодо встановлювання комп'ютерів та периферійного устатковання|
62.09.10|Послуги щодо встановлювання комп'ютерів та периферійного устатковання|
62.09.10-00.00|Послуги щодо встановлювання комп'ютерів та периферійного устатковання|
62.09.2|Послуги у сфері інформаційних технологій і стосовно комп'ютерної техніки, інші, н. в. і. у.|
62.09.20|Послуги у сфері інформаційних технологій і стосовно комп'ютерної техніки, інші, н. в. і. у.|
62.09.20-00.00|Послуги у сфері інформаційних технологій і стосовно комп'ютерної техніки, інші, н. в. і. у.|
63|Послуги інформаційні|
63.1|Послуги щодо обробляння даних, розміщування інформації на веб-вузлах та суміжні послуги; веб-портали|
63.11|Послуги щодо обробляння даних, розміщування інформації на веб-вузлах та суміжні послуги|
63.11.1|Послуги щодо обробляння даних, розміщування інформації на веб-вузлах, щодо програмного застосування та інші послуги щодо забезпечення інформаційно-технологічною інфраструктурою|
63.11.11|Послуги щодо обробляння даних|
63.11.11-00.00|Послуги щодо обробляння даних|
63.11.12|Послуги щодо розміщування інформації на веб-вузлах|
63.11.12-00.00|Послуги щодо розміщування інформації на веб-вузлах|
63.11.13|Надання програмного застосування|
63.11.13-00.00|Надання програмного застосування|
63.11.19|Послуги щодо забезпечення інфраструктурою стосовно розміщування інформації на веб-вузлах та інформаційно-технологічною інфраструктурою, інші|
63.11.19-00.00|Послуги щодо забезпечення інфраструктурою стосовно розміщування інформації на веб-вузлах та інформаційно-технологічною інфраструктурою, інші|
63.11.2|Пересилання потокового відео- і аудіовмісту Інтернетом|
63.11.21|Пересилання потокового відеовмісту Інтернетом|
63.11.21-00.00|Пересилання потокового відеовмісту Інтернетом|
63.11.22|Пересилання потокового аудіовмісту Інтернетом|
63.11.22-00.00|Пересилання потокового аудіовмісту Інтернетом|
63.11.3|Продаж рекламного місця чи часу в Інтернеті|
63.11.30|Продаж рекламного місця чи часу в Інтернеті|
63.11.30-00.00|Продаж рекламного місця чи часу в Інтернеті|
63.12|Розміщування інформації на веб-порталі|
63.12.1|Розміщування інформації на веб-порталі|
63.12.10|Розміщування інформації на веб-порталі|
63.12.10-00.00|Розміщування інформації на веб-порталі|
63.9|Послуги інформаційні, інші|
63.91|Послуги інформаційних агентств|
63.91.1|Послуги інформаційних агентств|
63.91.11|Послуги інформаційних агентств стосовно газет і періодичних видань|
63.91.11-00.00|Послуги інформаційних агентств стосовно газет і періодичних видань|
63.91.12|Послуги інформаційних агентств стосовно аудіовізуальних засобів масової інформації|
63.91.12-00.00|Послуги інформаційних агентств стосовно аудіовізуальних засобів масової інформації|
63.99|Послуги інформаційні, інші, н. в. і. у.|
63.99.1|Послуги інформаційні, інші, н. в. і. у.|
63.99.10|Послуги інформаційні, інші, н. в. і. у.|
63.99.10-00.00|Послуги інформаційні, інші, н. в. і. у.|
63.99.2|Добирання фактів або інформації, оригінальне|
63.99.20|Добирання фактів або інформації, оригінальне|
63.99.20-00.00|Добирання фактів або інформації, оригінальне|