Секція N|ПОСЛУГИ АДМІНІСТРАТИВНІ ТА ПОСЛУГИ ЩОДО НАДАННЯ ДОПОМОГИ|
77|Послуги щодо оренди, прокату та лізингу|
77.1|Послуги щодо оренди та лізингу автотранспортних засобів|
77.11|Послуги щодо оренди та лізингу автомобілів і маловантажних автотранспортних засобів|
77.11.1|Послуги щодо оренди та лізингу автомобілів і маловантажних автотранспортних засобів|
77.11.10|Послуги щодо оренди та лізингу автомобілів і маловантажних автотранспортних засобів|
77.11.10-00.00|Послуги щодо оренди та лізингу автомобілів і маловантажних автотранспортних засобів|
77.12|Послуги щодо оренди та лізингу вантажних автомобілів|
77.12.1|Послуги щодо оренди та лізингу вантажних автомобілів|
77.12.11|Послуги щодо оренди та лізингу вантажних транспортних засобів без водія|
77.12.11-00.00|Послуги щодо оренди та лізингу вантажних транспортних засобів без водія|
77.12.19|Послуги щодо оренди та лізингу інших наземних транспортних засобів без водія|
77.12.19-00.00|Послуги щодо оренди та лізингу інших наземних транспортних засобів без водія|
77.2|Послуги щодо прокату предметів особистого вжитку та побутових виробів|
77.21|Послуги щодо прокату виробів для відпочинку та заняття спортом|
77.21.1|Послуги щодо прокату виробів для відпочинку та заняття спортом|
77.21.10|Послуги щодо прокату виробів для відпочинку та заняття спортом|
77.21.10-00.00|Послуги щодо прокату виробів для відпочинку та заняття спортом|
77.22|Послуги щодо прокату відеострічок і відеодисків|
77.22.1|Послуги щодо прокату відеострічок і відеодисків|
77.22.10|Послуги щодо прокату відеострічок і відеодисків|
77.22.10-00.00|Послуги щодо прокату відеострічок і відеодисків|
77.29|Послуги щодо прокату інших предметів особистого вжитку та побутових виробів|
77.29.1|Послуги щодо прокату інших предметів особистого вжитку та побутових виробів|
77.29.11|Послуги щодо прокату телевізорів, радіоприймачів, відеомагнітофонів і суміжних устатковання та приладдя|
77.29.11-00.00|Послуги щодо прокату телевізорів, радіоприймачів, відеомагнітофонів і суміжних устатковання та приладдя|
77.29.12|Послуги щодо прокату меблів і побутових приладів|
77.29.12-00.00|Послуги щодо прокату меблів і побутових приладів|
77.29.13|Послуги щодо прокату музичних інструментів|
77.29.13-00.00|Послуги щодо прокату музичних інструментів|
77.29.14|Послуги щодо прокату столової білизни|
77.29.14-00.00|Послуги щодо прокату столової білизни|
77.29.15|Послуги щодо прокату текстилю, одягу та взуття|
77.29.15-00.00|Послуги щодо прокату текстилю, одягу та взуття|
77.29.16|Послуги щодо прокату машин і устатковання для домашніх робіт|
77.29.16-00.00|Послуги щодо прокату машин і устатковання для домашніх робіт|
77.29.19|Послуги щодо прокату інших предметів особистого вжитку та побутових виробів, н. в. і. у.|
77.29.19-00.00|Послуги щодо прокату інших предметів особистого вжитку та побутових виробів, н. в. і. у.|
77.3|Послуги щодо оренди та лізингу інших машин, устатковання та майна|
77.31|Послуги щодо оренди та лізингу сільськогосподарських машин і устатковання|
77.31.1|Послуги щодо оренди та лізингу сільськогосподарських машин і устатковання|
77.31.10|Послуги щодо оренди та лізингу сільськогосподарських машин і устатковання|
77.31.10-00.00|Послуги щодо оренди та лізингу сільськогосподарських машин і устатковання|
77.32|Послуги щодо оренди та лізингу будівельних та інженерно-будівельних машин і устатковання|
77.32.1|Послуги щодо оренди та лізингу будівельних та інженерно-будівельних машин і устатковання|
77.32.10|Послуги щодо оренди та лізингу будівельних та інженерно-будівельних машин і устатковання|
77.32.10-00.00|Послуги щодо оренди та лізингу будівельних та інженерно-будівельних машин і устатковання|
77.33|Послуги щодо оренди та лізингу конторських/офісних машин і устатковання (зокрема комп'ютерів)|
77.33.1|Послуги щодо оренди та лізингу конторських/офісних машин і устатковання (зокрема комп'ютерів)|
77.33.11|Послуги щодо оренди та лізингу конторських/офісних машин і устатковання (крім комп'ютерів)|
77.33.11-00.00|Послуги щодо оренди та лізингу конторських/офісних машин і устатковання (крім комп'ютерів)|
77.33.12|Послуги щодо оренди та лізингу комп'ютерів|
77.33.12-00.00|Послуги щодо оренди та лізингу комп'ютерів|
77.34|Послуги щодо оренди та лізингу водних транспортних засобів|
77.34.1|Послуги щодо оренди та лізингу водних транспортних засобів|
77.34.10|Послуги щодо оренди та лізингу водних транспортних засобів|
77.34.10-00.00|Послуги щодо оренди та лізингу водних транспортних засобів|
77.35|Послуги щодо оренди та лізингу повітряних транспортних засобів|
77.35.1|Послуги щодо оренди та лізингу повітряних транспортних засобів|
77.35.10|Послуги щодо оренди та лізингу повітряних транспортних засобів|
77.35.10-00.00|Послуги щодо оренди та лізингу повітряних транспортних засобів|
77.39|Послуги щодо оренди та лізингу інших машин, устатковання та майна, н. в. і. у.|
77.39.1|Послуги щодо оренди та лізингу інших машин, устатковання та майна, н. в. і. у.|
77.39.11|Послуги щодо оренди та лізингу залізничного рухомого складу|
77.39.11-00.00|Послуги щодо оренди та лізингу залізничного рухомого складу|
77.39.12|Послуги щодо оренди та лізингу контейнерів|
77.39.12-00.00|Послуги щодо оренди та лізингу контейнерів|
77.39.13|Послуги щодо оренди та лізингу мотоциклів, житлових фургонів і автофургонів|
77.39.13-00.00|Послуги щодо оренди та лізингу мотоциклів, житлових фургонів і автофургонів|
77.39.14|Послуги щодо оренди та лізингу телекомунікаційного устатковання|
77.39.14-00.00|Послуги щодо оренди та лізингу телекомунікаційного устатковання|
77.39.19|Послуги щодо оренди та лізингу інших машин і устатковання без оператора та майна, н. в. і. у.|
77.39.19-00.00|Послуги щодо оренди та лізингу інших машин і устатковання без оператора та майна, н. в. і. у.|
77.4|Послуги щодо видання ліцензії на право використання об'єктів інтелектуальної власності та подібних об'єктів, крім творів, захищених авторським правом|
77.40|Послуги щодо видання ліцензії на право використання об'єктів інтелектуальної власності та подібних об'єктів, крім творів, захищених авторським правом|
77.40.1|Послуги щодо видання ліцензії на право використання об'єктів інтелектуальної власності та подібних об'єктів, крім творів, захищених авторським правом|
77.40.11|Послуги щодо видання ліцензії на право використання результатів наукових досліджень і розроблень|
77.40.11-00.00|Послуги щодо видання ліцензії на право використання результатів наукових досліджень і розроблень|
77.40.12|Послуги щодо видання ліцензії на право використання товарних знаків і торгових марок|
77.40.12-00.00|Послуги щодо видання ліцензії на право використання товарних знаків і торгових марок|
77.40.13|Послуги щодо видання ліцензії на право використання результатів розвідування та оцінювання родовищ корисних копалин|
77.40.13-00.00|Послуги щодо видання ліцензії на право використання результатів розвідування та оцінювання родовищ корисних копалин|
77.40.19|Послуги щодо видання ліцензії на право використання інших об'єктів інтелектуальної власності та подібних об'єктів, крім творів, захищених авторським правом|
77.40.19-00.00|Послуги щодо видання ліцензії на право використання інших об'єктів інтелектуальної власності та подібних об'єктів, крім творів, захищених авторським правом|
78|Послуги щодо працевлаштування|
78.1|Послуги агентств щодо працевлаштування|
78.10|Послуги агентств щодо працевлаштування|
78.10.1|Послуги агентств щодо працевлаштування|
78.10.11|Послуги щодо добирання керівного персоналу|
78.10.11-00.00|Послуги щодо добирання керівного персоналу|
78.10.12|Послуги щодо працевлаштування на постійній основі, крім послуг щодо добирання керівного персоналу|
78.10.12-00.00|Послуги щодо працевлаштування на постійній основі, крім послуг щодо добирання керівного персоналу|
78.2|Послуги агентств щодо тимчасового працевлаштування|
78.20|Послуги агентств щодо тимчасового працевлаштування|
78.20.1|Послуги агентств щодо тимчасового працевлаштування|
78.20.11|Послуги агентств щодо тимчасового працевлаштування, пов'язані з постачанням спеціалістів у сфері комп'ютерної техніки та телекомунікацій|
78.20.11-00.00|Послуги агентств щодо тимчасового працевлаштування, пов'язані з постачанням спеціалістів у сфері комп'ютерної техніки та телекомунікацій|
73.20.12|Послуги агентств щодо тимчасового працевлаштування, пов'язані з постачанням іншого допоміжного конторського/офісного персоналу|
78.20.12-00.00|Послуги агентств щодо тимчасового працевлаштування, пов'язані з постачанням іншого допоміжного конторського/офісного персоналу|
78.20.13|Послуги агентств щодо тимчасового працевлаштування, пов'язані з постачанням персоналу у сфері комерції та торгівлі|
78.20.13-00.00|Послуги агентств щодо тимчасового працевлаштування, пов'язані з постачанням персоналу у сфері комерції та торгівлі|
78.20.14|Послуги агентств щодо тимчасового працевлаштування, пов'язані з постачанням персоналу у сфері транспорту, складського господарства, логістики чи промисловості|
78.20.14-00.00|Послуги агентств щодо тимчасового працевлаштування, пов'язані з постачанням персоналу у сфері транспорту, складського господарства, логістики чи промисловості|
78.20.15|Послуги агентств щодо тимчасового працевлаштування, пов'язані з постачанням персоналу у сфері готельного та ресторанного господарства|
78.20.15-00.00|Послуги агентств щодо тимчасового працевлаштування, пов'язані з постачанням персоналу у сфері готельного та ресторанного господарства|
78.20.16|Послуги агентств щодо тимчасового працевлаштування, пов'язані з постачанням медичного персоналу|
78.20.16-00.00|Послуги агентств щодо тимчасового працевлаштування, пов'язані з постачанням медичного персоналу|
78.20.19|Послуги агентств щодо тимчасового працевлаштування, пов'язані з постачанням іншого персоналу|
78.20.19-00.00|Послуги агентств щодо тимчасового працевлаштування, пов'язані з постачанням іншого персоналу|
78.3|Послуги щодо забезпечення людськими ресурсами, інші|
78.30|Послуги щодо забезпечення людськими ресурсами, інші|
78.30.1|Послуги щодо забезпечення людськими ресурсами, інші|
78.30.11|Послуги щодо забезпечення персоналом для роботи у сфері комп'ютерної техніки та телекомунікацій, інші|
78.30.11-00.00|Послуги щодо забезпечення персоналом для роботи у сфері комп'ютерної техніки та телекомунікацій, інші|
78.30.12|Послуги щодо забезпечення іншим допоміжним конторським/офісним персоналом, інші|
78.30.12-00.00|Послуги щодо забезпечення іншим допоміжним конторським/офісним персоналом, інші|
78.30.13|Послуги щодо забезпечення персоналом для роботи у сфері комерції та торгівлі, інші|
78.30.13-00.00|Послуги щодо забезпечення персоналом для роботи у сфері комерції та торгівлі, інші|
78.30.14|Послуги щодо забезпечення персоналом для роботи у сфері транспорту, складського господарства, логістики чи промисловості, інші|
78.30.14-00.00|Послуги щодо забезпечення персоналом для роботи у сфері транспорту, складського господарства, логістики чи промисловості, інші|
78.30.15|Послуги щодо забезпечення персоналом для роботи у сфері готельного та ресторанного господарства, інші|
78.30.15-00.00|Послуги щодо забезпечення персоналом для роботи у сфері готельного та ресторанного господарства, інші|
78.30.16|Послуги щодо забезпечення медичним персоналом, інші|
78.30.16-00.00|Послуги щодо забезпечення медичним персоналом, інші|
78.30.19|Послуги щодо забезпечення персоналом, інші, н. в. і. у.|
78.30.19-00.00|Послуги щодо забезпечення персоналом, інші, н. в. і. у.|
79|Послуги туристичних агентств, туристичних операторів, послуги щодо бронювання та суміжні послуги|
79.1|Послуги туристичних агентств і туристичних операторів|
79.11|Послуги туристичних агентств|
79.11.1|Послуги туристичних агентств, пов'язані з бронюванням транспортних засобів|
79.11.11|Послуги щодо бронювання місць у повітряному транспорті|
79.11.11-00.00|Послуги щодо бронювання місць у повітряному транспорті|
79.11.12|Послуги щодо бронювання місць у залізничному транспорті|
79.11.12-00.00|Послуги щодо бронювання місць у залізничному транспорті|
79.11.13|Послуги щодо бронювання місць в автобусах|
79.11.13-00.00|Послуги щодо бронювання місць в автобусах|
79.11.14|Послуги щодо бронювання, пов'язані з орендою транспортних засобів|
79.11.14-00.00|Послуги щодо бронювання, пов'язані з орендою транспортних засобів|
79.11.19|Послуги туристичних агентств, пов'язані з бронюванням транспортних засобів, інші|
79.11.19-00.00|Послуги туристичних агентств, пов'язані з бронюванням транспортних засобів, інші|
79.11.2|Послуги туристичних агентств, пов'язані з бронюванням місць тимчасового розміщування, круїзів і комплексних турів|
79.11.21|Послуги щодо бронювання місць тимчасового розміщування|
79.11.21-00.00|Послуги щодо бронювання місць тимчасового розміщування|
79.11.22|Послуги щодо бронювання круїзів|
79.11.22-00.00|Послуги щодо бронювання круїзів|
79.11.23|Послуги щодо бронювання комплексних турів|
79.11.23-00.00|Послуги щодо бронювання комплексних турів|
79.12|Послуги туристичних операторів|
79.12.1|Послуги туристичних операторів|
79.12.11|Послуги туристичних операторів щодо організовування та проведення турів|
79.12.11-00.00|Послуги туристичних операторів щодо організовування та проведення турів|
79.12.12|Послуги туристичних менеджерів|
79.12.12-00.00|Послуги туристичних менеджерів|
79.9|Послуги щодо бронювання та суміжні послуги, інші|
79.90|Послуги щодо бронювання та суміжні послуги, інші|
79.90.1|Послуги щодо просування туризму на ринку та інформування відвідувачів|
79.90.11|Послуги щодо просування туризму на ринку|
79.90.11-00.00|Послуги щодо просування туризму на ринку|
79.90.12|Послуги щодо інформування відвідувачів|
79.90.12-00.00|Послуги щодо інформування відвідувачів|
79.90.2|Послуги туристичних гідів|
79.90.20|Послуги туристичних гідів|
79.90.20-00.00|Послуги туристичних гідів|
79.90.3|Послуги щодо бронювання, інші, н. в. і. у.|
79.90.31|Послуги щодо обміну періодами користування нерухомістю спільного користування в режимі розподілу часу (таймшеру)|
79.90.31-00.00|Послуги щодо обміну періодами користування нерухомістю спільного користування в режимі розподілу часу (таймшеру)|
79.90.32|Послуги щодо бронювання конференц-центрів, конгрес-центрів і виставкових залів|
79.90.32-00.00|Послуги щодо бронювання конференц-центрів, конгрес-центрів і виставкових залів|
79.90.39|Послуги щодо бронювання квитків, розважальних і відпочинкових заходів та інші послуги щодо бронювання, н. в. і. у.|
79.90.39-00.00|Послуги щодо бронювання квитків, розважальних і відпочинкових заходів та інші послуги щодо бронювання, н. в. і. у.|
80|Послуги, пов'язані з безпекою та розслідуванням|
80.1|Послуги, пов'язані з особистою безпекою|
80.10|Послуги, пов'язані з особистою безпекою|
80.10.1|Послуги, пов'язані з особистою безпекою|
80.10.11|Послуги щодо перевезення в броньованих автомобілях|
80.10.11-00.00|Послуги щодо перевезення в броньованих автомобілях|
80.10.12|Послуги щодо сторожування|
80.10.12-00.00|Послуги щодо сторожування|
80.10.19|Послуги, пов'язані з безпекою, інші|
80.10.19-00.00|Послуги, пов'язані з безпекою, інші|
80.2|Послуги систем безпеки|
80.20|Послуги систем безпеки|
80.20.1|Послуги систем безпеки|
80.20.10|Послуги систем безпеки|
80.20.10-00.00|Послуги систем безпеки|
80.3|Послуги, пов'язані з розслідуванням|
80.30|Послуги, пов'язані з розслідуванням|
80.30.1|Послуги, пов'язані з розслідуванням|
80.30.10|Послуги, пов'язані з розслідуванням|
80.30.10-00.00|Послуги, пов'язані з розслідуванням|
81|Послуги щодо будівель і благоустрою територій|
81.1|Послуги допоміжні комбіновані щодо різних об'єктів|
81.10|Послуги допоміжні комбіновані щодо різних об'єктів|
81.10.1|Послуги допоміжні комбіновані щодо різних об'єктів|
81.10.10|Послуги допоміжні комбіновані щодо різних об'єктів|
81.10.10-00.00|Послуги допоміжні комбіновані щодо різних об'єктів|
81.2|Послуги щодо очищування|
81.21|Послуги щодо загального очищування будівель|
81.21.1|Послуги щодо загального очищування будівель|
81.21.10|Послуги щодо загального очищування будівель|
81.21.10-00.00|Послуги щодо загального очищування будівель|
81.22|Послуги щодо очищування будівель і промислових об'єктів, інші|
81.22.1|Послуги щодо очищування промислових об'єктів|
81.22.11|Послуги щодо миття вікон|
81.22.11-00.00|Послуги щодо миття вікон|
81.22.12|Послуги щодо спеціалізованого очищування|
81.22.12-00.00|Послуги щодо спеціалізованого очищування|
81.22.13|Послуги щодо очищування печей і димарів|
81.22.13-00.00|Послуги щодо очищування печей і димарів|
81.29|Послуги щодо очищування, інші|
81.29.1|Послуги щодо очищування, інші|
81.29.11|Послуги щодо дезінфікування та винищування шкідників|
81.29.11-00.00|Послуги щодо дезінфікування та винищування шкідників|
81.29.12|Послуги щодо підмітання та видаляння снігу|
81.29.12-00.00|Послуги щодо підмітання та видаляння снігу|
81.29.13|Послуги щодо санітарного обробляння, інші|
81.29.13-00.00|Послуги щодо санітарного обробляння, інші|
81.29.19|Послуги щодо очищування інші, н. в. і. у.|
81.29.19-00.00|Послуги щодо очищування інші, н. в. і. у.|
81.3|Послуги щодо благоустрою території|
81.30|Послуги щодо благоустрою території|
81.30.1|Послуги щодо благоустрою території|
81.30.10|Послуги щодо благоустрою території|
81.30.10-00.00|Послуги щодо благоустрою території|
82|Послуги адміністративні й допоміжні для контор/офісів та інші допоміжні послуги для підприємств|
82.1|Послуги адміністративні та допоміжні конторські/офісні|
82.11|Послуги адміністративні конторські/офісні комбіновані|
82.11.1|Послуги адміністративні конторські/офісні комбіновані|
82.11.10|Послуги адміністративні конторські/офісні комбіновані|
82.11.10-00.00|Послуги адміністративні конторські/офісні комбіновані|
82.19|Фотокопіювання, оформлювання документів та інші спеціалізовані допоміжні конторські/офісні послуги|
82.19.1|Фотокопіювання, оформлювання документів та інші спеціалізовані допоміжні конторські/офісні послуги|
82.19.11|Послуги копіювально-розмножувальні|
82.19.11-00.00|Послуги копіювально-розмножувальні|
82.19.12|Послуги щодо складання списків адресатів і відправляння кореспонденції|
82.19.12-00.00|Послуги щодо складання списків адресатів і відправляння кореспонденції|
82.19.13|Послуги щодо оформлювання документів та інші спеціалізовані допоміжні конторські/офісні послуги|
82.19.13-00.00|Послуги щодо оформлювання документів та інші спеціалізовані допоміжні конторські/офісні послуги|
82.2|Послуги телефонних інформаційних центрів|
82.20|Послуги телефонних інформаційних центрів|
82.20.1|Послуги телефонних інформаційних центрів|
82.20.10|Послуги телефонних інформаційних центрів|
82.20.10-00.00|Послуги телефонних інформаційних центрів|
82.3|Послуги щодо організовування конференцій і спеціалізованих виставок|
82.30|Послуги щодо організовування конференцій і спеціалізованих виставок|
82.30.1|Послуги щодо організовування конференцій і спеціалізованих виставок|
82.30.11|Послуги щодо організовування конференцій|
82.30.11-00.00|Послуги щодо організовування конференцій|
82.30.12|Послуги щодо організовування спеціалізованих виставок|
82.30.12-00.00|Послуги щодо організовування спеціалізованих виставок|
82.9|Послуги комерційні допоміжні, н. в. і. у.|
82.91|Послуги агентств щодо стягування платежів і послуги бюро кредитних історій|
82.91.1|Послуги агентств щодо стягування платежів і послуги бюро кредитних історій|
82.91.11|Послуги щодо надання кредитних звітів|
82.91.11-00.00|Послуги щодо надання кредитних звітів|
82.91.12|Послуги агентств щодо стягування платежів|
82.91.12-00.00|Послуги агентств щодо стягування платежів|
82.92|Послуги пакувальні|
82.92.1|Послуги пакувальні|
82.92.10|Послуги пакувальні|
82.92.10-00.00|Послуги пакувальні|
82.99|Послуги комерційні допоміжні, інші, н. в. і. у.|
82.99.1|Послуги комерційні допоміжні, інші, н. в. і. у.|
82.99.11|Послуги щодо стенографії та стенотипії|
82.99.11-00.00|Послуги щодо стенографії та стенотипії|
82.99.12|Послуги телефонні допоміжні|
82.99.12-00.00|Послуги телефонні допоміжні|
82.99.19|Послуги комерційні допоміжні різні, інші, н. в. і. у.|
82.99.19-00.00|Послуги комерційні допоміжні різні, інші, н. в. і. у.|