Секція L|ПОСЛУГИ, ПОВ'ЯЗАНІ З НЕРУХОМІСТЮ|
68|Послуги, пов'язані з нерухомістю|
68.1|Продаж і купівля нерухомості|
68.10|Продаж і купівля нерухомості|
68.10.1|Продаж і купівля нерухомості|
68.10.11|Продаж або купівля житлових будинків і прилеглої землі|
68.10.11-00.00|Продаж або купівля житлових будинків і прилеглої землі|
68.10.12|Продаж або купівля власності сумісного користування в режимі розподіляння часу (таймшеру)|
68.10.12-00.00|Продаж або купівля власності сумісного користування в режимі розподіляння часу (таймшеру)|
68.10.13|Продаж або купівля земель, що пустують, під житлову забудову|
68.10.13-00.00|Продаж або купівля земель, що пустують, під житлову забудову|
68.10.14|Продаж або купівля нежитлових будівель і прилеглої землі|
68.10.14-00.00|Продаж або купівля нежитлових будівель і прилеглої землі|
68.10.15|Продаж або купівля земель нежитлової забудови|
68.10.15-00.00|Продаж або купівля земель нежитлової забудови|
68.2|Послуги щодо оренди й експлуатування власної чи взятої у лізинг нерухомості|
68.20|Послуги щодо оренди й експлуатування власної чи взятої у лізинг нерухомості|
68.20.1|Послуги щодо оренди й експлуатування власної чи взятої у лізинг нерухомості|
68.20.11|Послуги щодо оренди й експлуатування власної чи взятої у лізинг житлової нерухомості|
68.20.11-00.00|Послуги щодо оренди й експлуатування власної чи взятої у лізинг житлової нерухомості|
68.20.12|Послуги щодо оренди й експлуатування власної чи взятої у лізинг нежитлової нерухомості|
68.20.12-00.00|Послуги щодо оренди й експлуатування власної чи взятої у лізинг нежитлової нерухомості|
68.3|Послуги посередників щодо операцій з нерухомістю|
68.31|Послуги агентств нерухомості|
68.31.1|Послуги агентств нерухомості|
68.31.11|Послуги щодо продажу житлових будинків і прилеглої землі, крім нерухомості сумісного користування в режимі розподіляння часу (таймшеру)|
68.31.11-00.00|Послуги щодо продажу житлових будинків і прилеглої землі, крім нерухомості сумісного користування в режимі розподіляння часу (таймшеру)|
68.31.12|Послуги щодо продажу нерухомості сумісного користування в режимі розподіляння часу (таймшеру)|
68.31.12-00.00|Послуги щодо продажу нерухомості сумісного користування в режимі розподіляння часу (таймшеру)|
68.31.13|Послуги щодо продажу земель, що пустують, під житлову забудову|
68.31.13-00.00|Послуги щодо продажу земель, що пустують, під житлову забудову|
68.31.14|Послуги щодо продажу нежитлових будівель і прилеглої землі|
68.31.14-00.00|Послуги щодо продажу нежитлових будівель і прилеглої землі|
68.31.15|Послуги щодо продажу земель, що пустують, під нежитлову забудову|
68.31.15-00.00|Послуги щодо продажу земель, що пустують, під нежитлову забудову|
68.31.16|Послуги посередників щодо оцінювання нерухомості|
68.31.16-00.00|Послуги посередників щодо оцінювання нерухомості|
68.32|Послуги підрядників щодо керування нерухомістю|
68.32.1|Послуги підрядників щодо керування нерухомістю|
68.32.11|Послуги підрядників щодо керування житловою нерухомістю, крім нерухомістю сумісного користування в режимі розподіляння часу (таймшеру)|
68.32.11-00.00|Послуги підрядників щодо керування житловою нерухомістю, крім нерухомістю сумісного користування в режимі розподіляння часу (таймшеру)|
68.32.12|Послуги підрядників щодо керування нерухомістю сумісного користування в режимі розподіляння часу (таймшеру)|
68.32.12-00.00|Послуги підрядників щодо керування нерухомістю сумісного користування в режимі розподіляння часу (таймшеру)|
68.32.13|Послуги підрядників щодо керування нежитловою нерухомістю|
68.32.13-00.00|Послуги підрядників щодо керування нежитловою нерухомістю|