Секція T|ПОСЛУГИ ДОМАШНІХ ГОСПОДАРСТВ ЯК РОБОТОДАВЦІВ; ТОВАРИ ТА ПОСЛУГИ, ЩО ЇХ ВИРОБЛЯЮТЬ/НАДАЮТЬ ДОМАШНІ ГОСПОДАРСТВА ДЛЯ ВЛАСНОГО ВЖИТКУ, РІЗНОМАНІТНІ|
97|Послуги домашніх господарств як наймачів хатнього персоналу|
97.0|Послуги домашніх господарств як наймачів хатнього персоналу|
97.00|Послуги домашніх господарств як наймачів хатнього персоналу|
97.00.1|Послуги домашніх господарств як наймачів хатнього персоналу|
97.00.10|Послуги домашніх господарств як наймачів хатнього персоналу|
97.00.10-00.00|Послуги домашніх господарств як наймачів хатнього персоналу|
98|Товари та послуги, що їх виробляють/надають приватні домашні господарства для власного вжитку, різноманітні|
98.1|Товари, що їх виробляють приватні домашні господарства для власного вжитку, різноманітні|
98.10|Товари, що їх виробляють приватні домашні господарства для власного вжитку, різноманітні|
98.10.1|Товари, що їх виробляють приватні домашні господарства для власного вжитку, різноманітні|
98.10.10|Товари, що їх виробляють приватні домашні господарства для власного вжитку, різноманітні|
98.10.10-00.00|Товари, що їх виробляють приватні домашні господарства для власного вжитку, різноманітні|
98.2|Послуги, що їх надають приватні домашні господарства для власного вжитку, різноманітні|
98.20|Послуги, що їх надають приватні домашні господарства для власного вжитку, різноманітні|
98.20.1|Послуги, що їх надають приватні домашні господарства для власного вжитку, різноманітні|
98.20.10|Послуги, що їх надають приватні домашні господарства для власного вжитку, різноманітні|
98.20.10-00.00|Послуги, що їх надають приватні домашні господарства для власного вжитку, різноманітні|