Секція G|ПОСЛУГИ ЩОДО ОПТОВОЇ ТА РОЗДРІБНОЇ ТОРГІВЛІ; ПОСЛУГИ ЩОДО РЕМОНТУВАННЯ АВТОТРАНСПОРТНИХ ЗАСОБІВ І МОТОЦИКЛІВ|
45|Послуги щодо оптової та роздрібної торгівлі, ремонтування автотранспортних засобів і мотоциклів|
45.1|Торгівля автотранспортними засобами|
45.11|Торгівля автомобілями та маловантажними автотранспортними засобами|
45.11.1|Оптова торгівля автомобілями та маловантажними автотранспортними засобами|
45.11.11|Оптова торгівля пасажирськими автотранспортними засобами|
45.11.11-00.00|Оптова торгівля пасажирськими автотранспортними засобами|
45.11.12|Оптова торгівля спеціалізованими пасажирськими автотранспортними засобами, такими як автомобілі швидкої медичної допомоги, мікроавтобуси, подібні автотранспортні засоби та позашляховики (масою не більше ніж 3,5 т)|
45.11.12-00.00|Оптова торгівля спеціалізованими пасажирськими автотранспортними засобами, такими як автомобілі швидкої медичної допомоги, мікроавтобуси, подібні автотранспортні засоби та позашляховики (масою не більше ніж 3,5 т)|
45.11.2|Роздрібна торгівля автомобілями та маловантажними автотранспортними засобами в спеціалізованих магазинах|
45.11.21|Роздрібна торгівля новими пасажирськими автотранспортними засобами в спеціалізованих магазинах|
45.11.21-00.00|Роздрібна торгівля новими пасажирськими автотранспортними засобами в спеціалізованих магазинах|
45.11.22|Роздрібна торгівля пасажирськими автотранспортними засобами, що були у використанні, у спеціалізованих магазинах|
45.11.22-00.00|Роздрібна торгівля пасажирськими автотранспортними засобами, що були у використанні, у спеціалізованих магазинах|
45.11.23|Роздрібна торгівля новими спеціалізованими пасажирськими автотранспортними засобами, такими як автомобілі швидкої медичної допомоги та мікроавтобуси, подібні автотранспортні засоби та нові позашляховики (масою не більше ніж 3,5 т) у спеціалізованих магазинах|
45.11.23-00.00|Роздрібна торгівля новими спеціалізованими легковими автомобілями, такими як автомобілі швидкої медичної допомоги та мікроавтобуси, подібні автотранспортні засоби та нові позашляховики (масою не більше ніж 3,5 т) у спеціалізованих магазинах|
45.11.24|Роздрібна торгівля спеціалізованими пасажирськими автотранспортними засобами, що були у використанні, такими як автомобілі швидкої медичної допомоги, мікроавтобуси, подібні автотранспортні засоби та нові позашляховики (масою не більше ніж 3,5 т) у спеціалізованих магазинах|
45.11.24-00.00|Роздрібна торгівля спеціалізованими пасажирськими автотранспортними засобами, що були у використанні, такими як автомобілі швидкої медичної допомоги, мікроавтобуси, подібні автотранспортні засоби та нові позашляховики (масою не більше ніж 3,5 т) у спеціалізованих магазинах|
45.11.3|Роздрібна торгівля автомобілями та маловантажними автотранспортними засобами, інша|
45.11.31|Роздрібна торгівля автомобілями та маловантажними автотранспортними засобами через Інтернет-магазини|
45.11.31-00.00|Роздрібна торгівля автомобілями та маловантажними автотранспортними засобами через Інтернет-магазини|
45.11.39|Послуги щодо роздрібної торгівлі автомобілями та маловантажними автотранспортними засобами, інші, н. в. і. у.|
45.11.39-00.00|Послуги щодо роздрібної торгівлі автомобілями та маловантажними автотранспортними засобами, інші, н. в. і. у.|
45.11.4|Послуги посередників щодо оптової торгівлі автомобілями та маловантажними автотранспортними засобами|
45.11.41|Послуги посередників щодо оптової торгівлі автомобілями та маловантажними автотранспортними засобами через Інтернет-магазини|
45.11.41-00.00|Послуги посередників щодо оптової торгівлі автомобілями та маловантажними автотранспортними засобами через Інтернет-магазини|
45.11.49|Послуги посередників щодо оптової торгівлі автомобілями та маловантажними автотранспортними засобами, інші|
45.11.49-00.00|Послуги посередників щодо оптової торгівлі автомобілями та маловантажними автотранспортними засобами, інші|
45.19|Торгівля іншими автотранспортними засобами|
45.19.1|Оптова торгівля іншими автотранспортними засобами|
45.19.11|Оптова торгівля вантажними автомобілями, причепами, напівпричепами і автобусами|
45.19.11-00.00|Оптова торгівля вантажними автомобілями, причепами, напівпричепами і автобусами|
45.19.12|Оптова торгівля транспортними засобами для кемпінгу, такими як житлові фургони та автофургони|
45.19.12-00.00|Оптова торгівля транспортними засобами для кемпінгу, такими як житлові фургони та автофургони|
45.19.2|Роздрібна торгівля іншими автотранспортними засобами в спеціалізованих магазинах|
45.19.21|Роздрібна торгівля вантажними автомобілями, причепами, напівпричепами та автобусами, у спеціалізованих магазинах|
45.19.21-00.00|Роздрібна торгівля вантажними автомобілями, причепами, напівпричепами та автобусами, у спеціалізованих магазинах|
45.19.22|Роздрібна торгівля транспортними засобами для кемпінгу, такими як житлові фургони та автофургони, у спеціалізованих магазинах|
45.19.22-00.00|Роздрібна торгівля транспортними засобами для кемпінгу, такими як житлові фургони та автофургони, у спеціалізованих магазинах|
45.19.3|Послуги щодо роздрібної торгівлі іншими автотранспортними засобами, інші|
45.19.31|Роздрібна торгівля іншими автотранспортними засобами через Інтернет-магазини|
45.19.31-00.00|Роздрібна торгівля іншими автотранспортними засобами через Інтернет-магазини|
45.19.39|Послуги щодо роздрібної торгівлі автотранспортними засобами, інші, н. в. і. у.|
45.19.39-00.00|Послуги щодо роздрібної торгівлі автотранспортними засобами, інші, н. в. і. у.|
45.19.4|Послуги посередників щодо оптової торгівлі іншими автотранспортними засобами|
45.19.41|Послуги посередників щодо оптової торгівлі іншими автотранспортними засобами через Інтернет-магазини|
45.19.41-00.00|Послуги посередників щодо оптової торгівлі іншими автотранспортними засобами через Інтернет-магазини|
45.19.49|Послуги посередників щодо оптової торгівлі іншими автотранспортними засобами, інші|
45.19.49-00.00|Послуги посередників щодо оптової торгівлі іншими автотранспортними засобами, інші|
45.2|Технічне обслуговування та ремонтування автотранспортних засобів|
45.20|Технічне обслуговування та ремонтування автотранспортних засобів|
45.20.1|Технічне обслуговування та ремонтування автомобілів і маловантажних автотранспортних засобів|
45.20.11|Технічне обслуговування та ремонтування автомобілів і маловантажних автотранспортних засобів (крім послуг щодо ремонтування електричної системи, шин і кузова), звичайні|
45.20.11-00.00|Технічне обслуговування та ремонтування автомобілів і маловантажних автотранспортних засобів (крім послуг щодо ремонтування електричної системи, шин і кузова), звичайні|
45.20.12|Ремонтування електричної системи автомобілів і маловантажних автотранспортних засобів|
45.20.12-00.00|Ремонтування електричної системи автомобілів і маловантажних автотранспортних засобів|
45.20.13|Ремонтування шин автомобілів і маловантажних автотранспортних засобів, зокрема регулювання та балансування коліс|
45.20.13-00.00|Ремонтування шин автомобілів і маловантажних автотранспортних засобів, зокрема регулювання та балансування коліс|
45.20.14|Ремонтування кузова автомобілів і маловантажних автотранспортних засобів і подібні послуги (ремонтування дверей, замків, вікон, оновлення фарбового покриву, ремонтування після зіткнення)|
45.20.14-00.00|Ремонтування кузова автомобілів і маловантажних автотранспортних засобів і подібні послуги (ремонтування дверей, замків, вікон, оновлення фарбового покриву, ремонтування після зіткнення)|
45.20.2|Технічне обслуговування та ремонтування інших автотранспортних засобів|
45.20.21|Технічне обслуговування та ремонтування інших автотранспортних засобів (крім ремонтування електричної системи та кузова), звичайне|
45.20.21-00.00|Технічне обслуговування та ремонтування інших автотранспортних засобів (крім ремонтування електричної системи та кузова), звичайне|
45.20.22|Ремонтування електричної системи інших автотранспортних засобів|
45.20.22-00.00|Ремонтування електричної системи інших автотранспортних засобів|
45.20.23|Ремонтування кузова інших автотранспортних засобів і подібні послуги (ремонтування дверей, замків, вікон, оновлення фарбового покриву, ремонтування після зіткнення)|
45.20.23-00.00|Ремонтування кузова інших автотранспортних засобів і подібні послуги (ремонтування дверей, замків, вікон, оновлення фарбового покриву, ремонтування після зіткнення)|
45.20.3|Миття, полірування автомобілів і подібні послуги|
45.20.30|Миття, полірування автомобілів і подібні послуги|
45.20.30-00.00|Миття, полірування автомобілів і подібні послуги|
45.3|Торгівля частинами та приладдям до автотранспортних засобів|
45.31|Оптова торгівля частинами та приладдям до автотранспортних засобів|
45.31.1|Оптова торгівля частинами та приладдям до автотранспортних засобів|
45.31.11|Оптова торгівля ґумовими шинами та камерами до шин|
45.31.11-00.00|Оптова торгівля ґумовими шинами та камерами до шин|
45.31.12|Оптова торгівля іншими частинами та приладдям до автотранспортних засобів|
45.31.12-00.00|Оптова торгівля іншими частинами та приладдям до автотранспортних засобів|
45.31.2|Послуги посередників щодо оптової торгівлі частинами та приладдям до автотранспортних засобів|
45.31.20|Послуги посередників щодо оптової торгівлі частинами та приладдям до автотранспортних засобів|
45.31.20-00.00|Послуги посередників щодо оптової торгівлі частинами та приладдям до автотранспортних засобів|
45.32|Роздрібна торгівля частинами та приладдям до автотранспортних засобів|
45.32.1|Роздрібна торгівля частинами та приладдям до автотранспортних засобів у спеціалізованих магазинах|
45.32.11|Роздрібна торгівля шинами в спеціалізованих магазинах|
45.32.11-00.00|Роздрібна торгівля шинами в спеціалізованих магазинах|
45.32.12|Роздрібна торгівля іншими частинами та приладдям до автотранспортних засобів у спеціалізованих магазинах|
45.32.12-00.00|Роздрібна торгівля іншими частинами та приладдям до автотранспортних засобів у спеціалізованих магазинах|
45.32.2|Послуги щодо роздрібної торгівлі частинами та приладдям до автотранспортних засобів, інші|
45.32.21|Роздрібна торгівля частинами та приладдям до автотранспортних засобів через Інтернет-магазини|
45.32.21-00.00|Роздрібна торгівля частинами та приладдям до автотранспортних засобів через Інтернет-магазини|
45.32.22|Роздрібна торгівля частинами та приладдям до автотранспортних засобів на поштове замовлення|
45.32.22-00.00|Роздрібна торгівля частинами та приладдям до автотранспортних засобів на поштове замовлення|
45.32.29|Послуги щодо роздрібної торгівлі частинами та приладдям до автотранспортних засобів, інші, н. в. і. у.|
45.32.29-00.00|Послуги щодо роздрібної торгівлі частинами та приладдям до автотранспортних засобів, інші, н. в. і. у.|
45.4|Торгівля мотоциклами, частинами та приладдям до них, технічне обслуговування та ремонтування мотоциклів|
45.40|Торгівля мотоциклами, частинами та приладдям до них, технічне обслуговування та ремонтування мотоциклів|
45.40.1|Оптова торгівля мотоциклами і їхніми частинами та приладдям|
45.40.10|Оптова торгівля мотоциклами і їхніми частинами та приладдям|
45.40.10-00.00|Оптова торгівля мотоциклами і їхніми частинами та приладдям|
45.40.2|Роздрібна торгівля мотоциклами і їхніми частинами та приладдям у спеціалізованих магазинах|
45.40.20|Роздрібна торгівля мотоциклами і їхніми частинами та приладдям у спеціалізованих магазинах|
45.40.20-00.00|Роздрібна торгівля мотоциклами і їхніми частинами та приладдям у спеціалізованих магазинах|
45.40.3|Послуги щодо роздрібної торгівлі мотоциклами і їхніми частинами та приладдям, інші|
45.40.30|Послуги щодо роздрібної торгівлі мотоциклами і їхніми частинами та приладдям, інші|
45.40.30-00.00|Послуги щодо роздрібної торгівлі мотоциклами і їхніми частинами та приладдям, інші|
45.40.4|Послуги посередників щодо оптової торгівлі мотоциклами та їхніми частинами та приладдям|
45.40.40|Послуги посередників щодо оптової торгівлі мотоциклами та їхніми частинами та приладдям|
45.40.40-00.00|Послуги посередників щодо оптової торгівлі мотоциклами та їхніми частинами та приладдям|
45.40.5|Технічне обслуговування та ремонтування мотоциклів|
45.40.50|Технічне обслуговування та ремонтування мотоциклів|
45.40.50-00.00|Технічне обслуговування та ремонтування мотоциклів|
46|Послуги щодо оптової торгівлі, крім торгівлі автотранспортними засобами та мотоциклами|
46.1|Послуги посередників щодо оптової торгівлі|
46.11|Послуги посередників щодо оптової торгівлі сільськогосподарською сировиною, живими тваринами, текстильною сировиною та напівфабрикатами|
46.11.1|Послуги посередників щодо оптової торгівлі сільськогосподарською сировиною, живими тваринами, текстильною сировиною та напівфабрикатами|
46.11.11|Послуги посередників щодо оптової торгівлі живими тваринами|
46.11.11-00.00|Послуги посередників щодо оптової торгівлі живими тваринами|
46.11.12|Послуги посередників щодо оптової торгівлі квітами та рослинами|
46.11.12-00.00|Послуги посередників щодо оптової торгівлі квітами та рослинами|
46.11.19|Послуги посередників щодо оптової торгівлі іншою сільськогосподарською сировиною, текстильною сировиною та напівфабрикатами|
46.11.19-00.00|Послуги посередників щодо оптової торгівлі іншою сільськогосподарською сировиною, текстильною сировиною та напівфабрикатами|
46.12|Послуги посередників щодо оптової торгівлі паливом, рудами, металами та промисловими хімічними речовинами|
46.12.1|Послуги посередників щодо оптової торгівлі паливом, рудами, металами та промисловими хімічними речовинами|
46.12.11|Послуги посередників щодо оптової торгівлі твердим, рідинним і газоподібним паливом та мастильними матеріалами|
46.12.11-00.00|Послуги посередників щодо оптової торгівлі твердим, рідинним і газоподібним паливом та мастильними матеріалами|
46.12.12|Послуги посередників щодо оптової торгівлі металевими рудами та металами у первинних формах|
46.12.12-00.00|Послуги посередників щодо оптової торгівлі металевими рудами та металами у первинних формах|
46.12.13|Послуги посередників щодо оптової торгівлі промисловими хімічними речовинами, добривами та агрохімічною продукцією|
46.12.13-00.00|Послуги посередників щодо оптової торгівлі промисловими хімічними речовинами, добривами та агрохімічною продукцією|
46.13|Послуги посередників щодо оптової торгівлі лісоматеріалами та будівельними матеріалами|
46.13.1|Послуги посередників щодо оптової торгівлі лісоматеріалами та будівельними матеріалами|
46.13.11|Послуги посередників щодо оптової торгівлі лісоматеріалами та продукцією з лісоматеріалів|
46.13.11-00.00|Послуги посередників щодо оптової торгівлі лісоматеріалами та продукцією з лісоматеріалів|
46.13.12|Послуги посередників щодо оптової торгівлі будівельними матеріалами|
46.13.12-00.00|Послуги посередників щодо оптової торгівлі будівельними матеріалами|
46.14|Послуги посередників щодо оптової торгівлі машинами та механізмами, промисловим устаткованням, суднами та літаками|
46.14.1|Послуги посередників щодо оптової торгівлі машинами та механізмами, промисловим устаткованням, суднами та літаками|
46.14.11|Послуги посередників щодо оптової торгівлі комп'ютерами, програмними засобами, електронним і телекомунікаційним устаткованням та іншим конторським/офісним устаткованням|
46.14.11-00.00|Послуги посередників щодо оптової торгівлі комп'ютерами, програмними засобами, електронним і телекомунікаційним устаткованням та іншим конторським/офісним устаткованням|
46.14.12|Послуги посередників щодо оптової торгівлі суднами, повітряними суднами та іншим транспортним устаткованням, н. в. і. у.|
46.14.12-00.00|Послуги посередників щодо оптової торгівлі суднами, повітряними суднами та іншим транспортним устаткованням, н. в. і. у.|
46.14.19|Послуги посередників щодо оптової торгівлі іншими машинами та механізмами і промисловим устаткованням, н. в. і. у.|
46.14.19-00.00|Послуги посередників щодо оптової торгівлі іншими машинами та механізмами і промисловим устаткованням, н. в. і. у.|
46.15|Послуги посередників щодо оптової торгівлі меблями, побутовими виробами, технічними засобами та металевими виробами|
46.15.1|Послуги посередників щодо оптової торгівлі меблями, побутовими виробами, технічними засобами та металевими виробами|
46.15.11|Послуги посередників щодо оптової торгівлі меблями|
46.15.11-00.00|Послуги посередників щодо оптової торгівлі меблями|
46.15.12|Послуги посередників щодо оптової торгівлі радіо-, телевізійним і відеоустаткованням|
46.15.12-00.00|Послуги посередників щодо оптової торгівлі радіо-, телевізійним і відеоустаткованням|
46.15.13|Послуги посередників щодо оптової торгівлі технічними засобами та ручним інструментом|
46.15.13-00.00|Послуги посередників щодо оптової торгівлі технічними засобами та ручним інструментом|
46.15.19|Послуги посередників щодо оптової торгівлі ножовими виробами та столовими приборами, побутовими виробами, н. в. і. у.|
46.15.19-00.00|Послуги посередників щодо оптової торгівлі ножовими виробами та столовими приборами, побутовими виробами, н. в. і. у.|
46.16|Послуги посередників щодо оптової торгівлі текстилем, одягом, хутром, взуттям і шкіряними виробами|
46.16.1|Послуги посередників щодо оптової торгівлі текстилем, одягом, хутром, взуттям і шкіряними виробами|
46.16.11|Послуги посередників щодо оптової торгівлі текстилем|
46.16.11-00.00|Послуги посередників щодо оптової торгівлі текстилем|
46.16.12|Послуги посередників щодо оптової торгівлі одягом, хутром і взуттям|
46.16.12-00.00|Послуги посередників щодо оптової торгівлі одягом, хутром і взуттям|
46.16.13|Послуги посередників щодо оптової торгівлі шкіряними виробами та дорожніми речами|
46.16.13-00.00|Послуги посередників щодо оптової торгівлі шкіряними виробами та дорожніми речами|
46.17|Послуги посередників щодо оптової торгівлі харчовими продуктами та напоями, тютюновими виробами|
46.17.1|Послуги посередників щодо оптової торгівлі харчовими продуктами та напоями, тютюновими виробами|
46.17.11|Послуги посередників щодо оптової торгівлі харчовими продуктами|
46.17.11-00.00|Послуги посередників щодо оптової торгівлі харчовими продуктами|
46.17.12|Послуги посередників щодо оптової торгівлі напоями|
46.17.12-00.00|Послуги посередників щодо оптової торгівлі напоями|
46.17.13|Послуги посередників щодо оптової торгівлі тютюновими виробами|
46.17.13-00.00|Послуги посередників щодо оптової торгівлі тютюновими виробами|
46.18|Послуги посередників щодо оптової торгівлі іншими окремими виробами|
46.18.1|Послуги посередників щодо оптової торгівлі іншими окремими виробами|
46.18.11|Послуги посередників щодо оптової торгівлі фармацевтичними та медичними товарами, парфумними й туалетними виробами, засобами для чищення|
46.18.11-00.00|Послуги посередників щодо оптової торгівлі фармацевтичними та медичними товарами, парфумними й туалетними виробами, засобами для чищення|
46.18.12|Послуги посередників щодо оптової торгівлі іграми, іграшками, спортивними товарами, велосипедами, книжками, газетами, журналами, канцелярським папером, музичними інструментами, годинниками, ювелірними виробами, фотографічним і оптичним устаткованням|
46.18.12-00.00|Послуги посередників щодо оптової торгівлі іграми, іграшками, спортивними товарами, велосипедами, книжками, газетами, журналами, канцелярськими товарами, музичними інструментами, годинниками, ювелірними виробами, фотографічним і оптичним устаткованням|
46.18.19|Послуги посередників щодо оптової торгівлі іншими окремими виробами, н. в. і. у.|
46.18.19-00.00|Послуги посередників щодо оптової торгівлі іншими окремими виробами, н. в. і. у.|
46.19|Послуги посередників щодо оптової торгівлі різними виробами|
46.19.1|Послуги посередників щодо оптової торгівлі різними виробами|
46.19.10|Послуги посередників щодо оптової торгівлі різними виробами|
46.19.10-00.00|Послуги посередників щодо оптової торгівлі різними виробами|
46.2|Оптова торгівля сільськогосподарською сировиною та живими тваринами|
46.21|Оптова торгівля зерном, необробленим тютюном, насінням і кормами для тварин|
46.21.1|Оптова торгівля зерном, насінням і кормами для тварин|
46.21.11|Оптова торгівля зерном|
46.21.11-00.00|Оптова торгівля зерном|
46.21.12|Оптова торгівля насінням (крім олійного насіння)|
46.21.12-00.00|Оптова торгівля насінням (крім олійного насіння)|
46.21.13|Оптова торгівля олійним насінням і олійними плодами|
46.21.13-00.00|Оптова торгівля олійним насінням і олійними плодами|
46.21.14|Оптова торгівля кормами для тварин|
46.21.14-00.00|Оптова торгівля кормами для тварин|
46.21.19|Оптова торгівля іншою сільськогосподарською сировиною, н. в. і. у.|
46.21.19-00.00|Оптова торгівля іншою сільськогосподарською сировиною, н. в. і. у.|
46.21.2|Оптова торгівля необробленим тютюном|
46.21.20|Оптова торгівля необробленим тютюном|
46.21.20-00.00|Оптова торгівля необробленим тютюном|
46.22|Оптова торгівля квітами та рослинами|
46.22.1|Оптова торгівля квітами та рослинами|
46.22.10|Оптова торгівля квітами та рослинами|
46.22.10-00.00|Оптова торгівля квітами та рослинами|
46.23|Оптова торгівля живими тваринами|
46.23.1|Оптова торгівля живими тваринами|
46.23.10|Оптова торгівля живими тваринами|
46.23.10-00.00|Оптова торгівля живими тваринами|
46.24|Оптова торгівля шкурами, шкурками та вичиненою шкірою|
46.24.1|Оптова торгівля шкурами, шкурками та вичиненою шкірою|
46.24.10|Оптова торгівля шкурами, шкурками та вичиненою шкірою|
46.24.10-00.00|Оптова торгівля шкурами, шкурками та вичиненою шкірою|
46.3|Оптова торгівля харчовими продуктами та напоями, тютюном|
46.31|Оптова торгівля фруктами й овочами|
46.31.1|Оптова торгівля фруктами й овочами|
46.31.11|Оптова торгівля свіжими фруктами й овочами|
46.31.11-00.00|Оптова торгівля свіжими фруктами й овочами|
46.31.12|Оптова торгівля обробленими фруктами й овочами|
46.31.12-00.00|Оптова торгівля обробленими фруктами й овочами|
46.32|Оптова торгівля м'ясом і м'ясними продуктами|
46.32.1|Оптова торгівля м'ясом і м'ясними продуктами|
46.32.11|Оптова торгівля м'ясом (зокрема м'ясом свійської птиці)|
46.32.11-00.00|Оптова торгівля м'ясом (зокрема м'ясом свійської птиці)|
46.32.12|Оптова торгівля м'ясними продуктами (зокрема продуктами з м'яса свійської птиці)|
46.32.12-00.00|Оптова торгівля м'ясними продуктами (зокрема продуктами з м'яса свійської птиці)|
46.33|Оптова торгівля молочними продуктами, яйцями та харчовими оліями й жирами|
46.33.1|Оптова торгівля молочними продуктами, яйцями та харчовими оліями й жирами|
46.33.11|Оптова торгівля молочними продуктами|
46.33.11-00.00|Оптова торгівля молочними продуктами|
46.33.12|Оптова торгівля яйцями|
46.33.12-00.00|Оптова торгівля яйцями|
46.33.13|Оптова торгівля харчовими оліями й жирами|
46.33.13-00.00|Оптова торгівля харчовими оліями й жирами|
46.34|Оптова торгівля напоями|
46.34.1|Оптова торгівля напоями|
46.34.11|Оптова торгівля соками, мінеральною водою, газованими безалкогольними напоями та іншими безалкогольними напоями|
46.34.11-00.00|Оптова торгівля соками, мінеральною водою, газованими безалкогольними напоями та іншими безалкогольними напоями;|
46.34.12|Оптова торгівля алкогольними напоями|
46.34.12-00.00|Оптова торгівля алкогольними напоями|
46.35|Оптова торгівля тютюновими виробами|
46.35.1|Оптова торгівля тютюновими виробами|
46.35.10|Оптова торгівля тютюновими виробами|
46.35.10-00.00|Оптова торгівля тютюновими виробами|
46.36|Оптова торгівля цукром і шоколадом та цукровими кондитерськими виробами|
46.36.1|Оптова торгівля цукром і шоколадом та цукровими кондитерськими виробами|
46.36.11|Оптова торгівля цукром|
46.36.11-00.00|Оптова торгівля цукром|
46.36.12|Оптова торгівля хлібопекарською продукцією|
46.36.12-00.00|Оптова торгівля хлібопекарською продукцією|
46.36.13|Оптова торгівля шоколадом і цукровими кондитерськими виробами|
46.36.13-00.00|Оптова торгівля шоколадом і цукровими кондитерськими виробами|
46.37|Оптова торгівля кавою, чаєм, какао та прянощами|
46.37.1|Оптова торгівля кавою, чаєм, какао та прянощами|
46.37.10|Оптова торгівля кавою, чаєм, какао та прянощами|
46.37.10-00.00|Оптова торгівля кавою, чаєм, какао та прянощами|
46.38|Оптова торгівля іншими харчовими продуктами, зокрема рибою, ракоподібними та молюсками|
46.38.1|Оптова торгівля рибою, ракоподібними та молюсками|
46.38.10|Оптова торгівля рибою, ракоподібними та молюсками|
46.38.10-00.00|Оптова торгівля рибою, ракоподібними та молюсками|
46.38.2|Оптова торгівля іншими харчовими продуктами|
46.38.21|Оптова торгівля гомогенізованими готовими продуктами та дієтичними харчовими продуктами|
46.38.21-00.00|Оптова торгівля гомогенізованими готовими продуктами та дієтичними харчовими продуктами|
46.38.29|Оптова торгівля іншими харчовими продуктами, н. в. і. у.|
46.38.29-00.00|Оптова торгівля іншими харчовими продуктами, н. в. і. у.|
46.39|Оптова торгівля харчовими продуктами та напоями, тютюном, неспеціалізована|
46.39.1|Оптова торгівля харчовими продуктами та напоями, тютюном, неспеціалізована|
46.39.11|Оптова торгівля замороженими харчовими продуктами, неспеціалізована|
46.39.11-00.00|Оптова торгівля замороженими харчовими продуктами, неспеціалізована|
46.39.12|Оптова торгівля незамороженими харчовими продуктами та напоями, тютюном, неспеціалізована|
46.39.12-00.00|Оптова торгівля незамороженими харчовими продуктами та напоями, тютюном, неспеціалізована|
46.4|Оптова торгівля господарсько-побутовими товарами|
46.41|Оптова торгівля текстилем|
46.41.1|Оптова торгівля текстилем|
46.41.11|Оптова торгівля пряжею|
46.41.11-00.00|Оптова торгівля пряжею|
46.41.12|Оптова торгівля тканинами|
46.41.12-00.00|Оптова торгівля тканинами|
46.41.13|Оптова торгівля столовою білизною, фіранками та різними господарсько-побутовими виробами з текстильних матеріалів|
46.41.13-00.00|Оптова торгівля столовою білизною, фіранками та різними господарсько-побутовими виробами з текстильних матеріалів|
46.41.14|Оптова торгівля галантереєю|
46.41.14-00.00|Оптова торгівля галантереєю|
46.42|Оптова торгівля одягом і взуттям|
46.42.1|Оптова торгівля одягом і взуттям|
46.42.11|Оптова торгівля одягом|
46.42.11-00.00|Оптова торгівля одягом|
46.42.12|Оптова торгівля взуттям|
46.42.12-00.00|Оптова торгівля взуттям|
46.43|Оптова торгівля електричними побутовими приладами|
46.43.1|Оптова торгівля електричними побутовими приладами|
46.43.11|Оптова торгівля електричними побутовими приладами, крім радіо-, теле- і фототоварів|
46.43.11-00.00|Оптова торгівля електричними побутовими приладами, крім радіо-, теле- і фототоварів|
46.43.12|Оптова торгівля радіо-, теле-, відео- і DVD-апаратурою|
46.43.12-00.00|Оптова торгівля радіо-, теле-, відео- і DVD-апаратурою|
46.43.13|Оптова торгівля грамплатівками, аудіо- і відеострічками, компакт-дисками (CD) та цифровими відеодисками (DVD) (крім стрічок без запису)|
46.43.13-00.00|Оптова торгівля грамплатівками, аудіо- і відеострічками, компакт-дисками (CD) та цифровими відеодисками (DVD) (крім стрічок без запису)|
46.43.14|Оптова торгівля фототоварами та оптичними товарами|
46.43.14-00.00|Оптова торгівля фототоварами та оптичними товарами|
46.44|Оптова торгівля порцеляновими/фарфоровими виробами, скляним посудом і засобами для чищення|
46.44.1|Оптова торгівля порцеляновими/фарфоровими виробами, скляним посудом і засобами для чищення|
46.44.11|Оптова торгівля порцеляновими/фарфоровими виробами, скляним посудом і гончарними виробами|
46.44.11-00.00|Оптова торгівля порцеляновими/фарфоровими виробами, скляним посудом і гончарними виробами|
46.44.12|Оптова торгівля засобами для чищення|
46.44.12-00.00|Оптова торгівля засобами для чищення|
46.45|Оптова торгівля парфумами та косметикою|
46.45.1|Оптова торгівля парфумами та косметикою|
46.45.10|Оптова торгівля парфумами та косметикою|
46.45.10-00.00|Оптова торгівля парфумами та косметикою|
46.46|Оптова торгівля фармацевтичними товарами|
46.46.1|Оптова торгівля фармацевтичними товарами|
46.46.11|Оптова торгівля основною фармацевтичною продукцією та фармацевтичними препаратами|
46.46.11-00.00|Оптова торгівля основною фармацевтичною продукцією та фармацевтичними препаратами|
46.46.12|Оптова торгівля хірургічними, медичними та ортопедичними інструментами та пристроями|
46.46.12-00.00|Оптова торгівля хірургічними, медичними та ортопедичними інструментами та пристроями|
46.47|Оптова торгівля меблями, килимами й освітлювальним устаткованням|
46.47.1|Оптова торгівля меблями, килимами й освітлювальним устаткованням|
46.47.11|Оптова торгівля побутовими меблями|
46.47.11-00.00|Оптова торгівля побутовими меблями|
46.47.12|Оптова торгівля освітлювальним устаткованням|
46.47.12-00.00|Оптова торгівля освітлювальним устаткованням|
46.47.13|Оптова торгівля килимами та паласами|
46.47.13-00.00|Оптова торгівля килимами та паласами|
46.48|Оптова торгівля годинниками та ювелірними виробами|
46.48.1|Оптова торгівля годинниками та ювелірними виробами|
46.48.10|Оптова торгівля годинниками та ювелірними виробами|
46.48.10-00.00|Оптова торгівля годинниками та ювелірними виробами|
46.49|Оптова торгівля іншими побутовими виробами|
46.49.1|Оптова торгівля ножовими виробами та столовими приборами, господарсько-побутовими металевими виробами, плетеними виробами, виробами з корка та іншими господарсько-побутовими виробами, н. в. і. у.|
46.49.11|Оптова торгівля ножовими виробами та столовими приборами, господарсько-побутовими металевими виробами|
46.49.11-00.00|Оптова торгівля ножовими виробами та столовими приборами, господарсько-побутовими металевими виробами|
46.49.12|Оптова торгівля плетеними виробами, виробами з корка, бондарними виробами та іншими дерев'яними виробами|
46.49.12-00.00|Оптова торгівля плетеними виробами, виробами з корка, бондарними виробами та іншими дерев'яними виробами|
46.49.19|Оптова торгівля господарсько-побутовими виробами та устаткованням, н. в. і. у.|
46.49.19-00.00|Оптова торгівля господарсько-побутовими виробами та устаткованням, н. в. і. у.|
46.49.2|Оптова торгівля книжками, журналами та канцелярськими товарами|
46.49.21|Оптова торгівля книжками|
46.49.21-00.00|Оптова торгівля книжками|
46.49.22|Оптова торгівля журналами та газетами|
46.49.22-00.00|Оптова торгівля журналами та газетами|
46.49.23|Оптова торгівля канцелярськими товарами|
46.49.23-00.00|Оптова торгівля канцелярськими товарами|
46.49.3|Оптова торгівля іншими спожитковими товарами|
46.49.31|Оптова торгівля музичними інструментами|
46.49.31-00.00|Оптова торгівля музичними інструментами|
46.49.32|Оптова торгівля іграми та іграшками|
46.49.32-00.00|Оптова торгівля іграми та іграшками|
46.49.33|Оптова торгівля спортивними товарами (зокрема велосипедами)|
46.49.33-00.00|Оптова торгівля спортивними товарами (зокрема велосипедами)|
46.49.34|Оптова торгівля шкіряними виробами та дорожніми речами|
46.49.34-00.00|Оптова торгівля шкіряними виробами та дорожніми речами|
46.49.35|Оптова торгівля марками та монетами|
46.49.35-00.00|Оптова торгівля марками та монетами|
46.49.36|Оптова торгівля сувенірами та художніми виробами|
46.49.36-00.00|Оптова торгівля сувенірами та художніми виробами|
46.49.39|Оптова торгівля іншими спожитковими товарами, н. в. і. у.|
46.49.39-00.00|Оптова торгівля іншими спожитковими товарами, н. в. і. у.|
46.5|Оптова торгівля інформаційно-технологічним і комунікаційним устаткованням|
46.51|Оптова торгівля комп'ютерами, комп'ютерним периферійним устаткованням і програмними засобами|
46.51.1|Оптова торгівля комп'ютерами, комп'ютерним периферійним устаткованням і програмними засобами|
46.51.10|Оптова торгівля комп'ютерами, комп'ютерним периферійним устаткованням і програмними засобами|
46.51.10-00.00|Оптова торгівля комп'ютерами, комп'ютерним периферійним устаткованням і програмними засобами|
46.52|Оптова торгівля електронним та телекомунікаційним устаткованням і його частинами|
46.52.1|Оптова торгівля електронним та телекомунікаційним устаткованням і його частинами|
46.52.11|Оптова торгівля телекомунікаційним устаткованням і його частинами|
46.52.11-00.00|Оптова торгівля телекомунікаційним устаткованням і його частинами|
46.52.12|Оптова торгівля електронним устаткованням і його частинами|
46.52.12-00.00|Оптова торгівля електронним устаткованням і його частинами|
46.52.13|Оптова торгівля аудіо- та відеострічками, дискетами, магнітними та оптичними дисками, компакт-дисками (CD) та цифровими відеодисками (DVD), без запису|
46.52.13-00.00|Оптова торгівля аудіо- та відеострічками, дискетами, магнітними та оптичними дисками, компакт-дисками (CD) та цифровими відеодисками (DVD), без запису|
46.6|Оптова торгівля іншими машинами, устаткованням і приладдям|
46.61|Оптова торгівля сільськогосподарськими машинами, устаткованням і приладдям|
46.61.1|Оптова торгівля сільськогосподарськими машинами, устаткованням і приладдям|
46.61.11|Оптова торгівля сільськогосподарськими та лісогосподарськими машинами, устаткованням і приладдям, зокрема тракторами|
46.61.11-00.00|Оптова торгівля сільськогосподарськими та лісогосподарськими машинами, устаткованням і приладдям, зокрема тракторами|
46.61.12|Оптова торгівля газонними та садовими машинами, устаткованням і приладдям|
46.61.12-00.00|Оптова торгівля газонними та садовими машинами, устаткованням і приладдям|
46.62|Оптова торгівля верстатами|
46.62.1|Оптова торгівля верстатами|
46.62.11|Оптова торгівля верстатами для обробляння деревини|
46.62.11-00.00|Оптова торгівля верстатами для обробляння деревини|
46.62.12|Оптова торгівля верстатами для обробляння металів|
46.62.12-00.00|Оптова торгівля верстатами для обробляння металів|
46.62.19|Оптова торгівля верстатами для обробляння інших матеріалів|
46.62.19-00.00|Оптова торгівля верстатами для обробляння інших матеріалів|
46.63|Оптова торгівля гірничими, будівельними та інженерно-будівельними машинами|
46.63.1|Оптова торгівля гірничими, будівельними та інженерно-будівельними машинами|
46.63.10|Оптова торгівля гірничими, будівельними та інженерно-будівельними машинами|
46.63.10-00.00|Оптова торгівля гірничими, будівельними та інженерно-будівельними машинами|
46.64|Оптова торгівля машинами для текстильної промисловості, швейними/швацькими та в'язальними машинами|
46.64.1|Оптова торгівля машинами для текстильної промисловості, швейними/швацькими та в'язальними машинами|
46.64.10|Оптова торгівля машинами для текстильної промисловості, швейними/швацькими та в'язальними машинами|
46.64.10-00.00|Оптова торгівля машинами для текстильної промисловості, швейними/швацькими та в'язальними машинами|
46.65|Оптова торгівля конторськими/офісними меблями|
46.65.1|Оптова торгівля конторськими/офісними меблями|
46.65.10|Оптова торгівля конторськими/офісними меблями|
46.65.10-00.00|Оптова торгівля конторськими/офісними меблями|
46.66|Оптова торгівля іншими конторськими/офісними машинами й устаткованням|
46.66.1|Оптова торгівля іншими конторськими/офісними машинами й устаткованням|
46.66.10|Оптова торгівля іншими конторськими/офісними машинами й устаткованням|
46.66.10-00.00|Оптова торгівля іншими конторськими/офісними машинами й устаткованням|
46.69|Оптова торгівля іншими машинами й устаткованням|
46.69.1|Оптова торгівля іншими машинами й устаткованням|
46.69.11|Оптова торгівля транспортним устаткованням, крім автотранспортних засобів, мотоциклів і велосипедів|
46.69.11-00.00|Оптова торгівля транспортним устаткованням, крім автотранспортних засобів, мотоциклів і велосипедів|
46.69.12|Оптова торгівля приладдям до машин і устатковання|
46.69.12-00.00|Оптова торгівля приладдям до машин і устатковання|
46.69.13|Оптова торгівля підіймально-транспортним устаткованням|
46.69.13-00.00|Оптова торгівля підіймально-транспортним устаткованням|
46.69.14|Оптова торгівля машинами для харчової, тютюнової промисловості та виробництва напоїв|
46.69.14-00.00|Оптова торгівля машинами для харчової, тютюнової промисловості та виробництва напоїв|
46.69.15|Оптова торгівля професійними електричними машинами, апаратами та приладдям|
46.69.15-00.00|Оптова торгівля професійними електричними машинами, апаратами та приладдям|
46.69.16|Оптова торгівля зброєю та боєприпасами|
46.69.16-00.00|Оптова торгівля зброєю та боєприпасами|
46.69.19|Оптова торгівля іншими машинами, апаратами та устаткованням загальної та спеціальної призначеності|
46.69.19-00.00|Оптова торгівля іншими машинами, апаратами та устаткованням загальної та спеціальної призначеності|
46.7|Послуги щодо оптової торгівлі спеціалізовані, інші|
46.71|Оптова торгівля твердим, рідинним і газоподібним паливом та мастильними матеріалами|
46.71.1|Оптова торгівля твердим, рідинним і газоподібним паливом та мастильними матеріалами|
46.71.11|Оптова торгівля твердим паливом|
46.71.11-00.00|Оптова торгівля твердим паливом|
46.71.12|Оптова торгівля бензином, зокрема авіаційним бензином|
46.71.12-00.00|Оптова торгівля бензином, зокрема авіаційним бензином|
46.71.13|Оптова торгівля іншим рідинним і газоподібним паливом та мастильними матеріалами|
46.71.13-00.00|Оптова торгівля іншим рідинним і газоподібним паливом та мастильними матеріалами|
46.72|Оптова торгівля металами та металевими рудами|
46.72.1|Оптова торгівля металами та металевими рудами|
46.72.11|Оптова торгівля залізними рудами|
46.72.11-00.00|Оптова торгівля залізними рудами|
46.72.12|Оптова торгівля рудами кольорових металів|
46.72.12-00.00|Оптова торгівля рудами кольорових металів|
46.72.13|Оптова торгівля залізом і сталлю в первинних формах|
46.72.13-00.00|Оптова торгівля залізом і сталлю в первинних формах|
46.72.14|Оптова торгівля кольоровими металами в первинних формах|
46.72.14-00.00|Оптова торгівля кольоровими металами в первинних формах|
46.73|Оптова торгівля лісоматеріалами, будівельними матеріалами та санітарно-технічним устаткованням|
46.73.1|Оптова торгівля лісоматеріалами, будівельними матеріалами та санітарно-технічним устаткованням|
46.73.11|Оптова торгівля начорно обробленою деревиною|
46.73.11-00.00|Оптова торгівля начорно обробленою деревиною|
46.73.12|Оптова торгівля продукцією первинного обробляння деревини|
46.73.12-00.00|Оптова торгівля продукцією первинного обробляння деревини|
46.73.13|Оптова торгівля санітарно-технічним устаткованням|
46.73.13-00.00|Оптова торгівля санітарно-технічним устаткованням|
46.73.14|Оптова торгівля фарбами, лаками та емалями|
46.73.14-00.00|Оптова торгівля фарбами, лаками та емалями|
46.73.15|Оптова торгівля листовим склом|
46.73.15-00.00|Оптова торгівля листовим склом|
46.73.16|Оптова торгівля іншими будівельними матеріалами|
46.73.16-00.00|Оптова торгівля іншими будівельними матеріалами|
46.73.17|Оптова торгівля паперовими шпалерами|
46.73.17-00.00|Оптова торгівля паперовими шпалерами|
46.73.18|Оптова торгівля покривами на підлогу (крім килимів)|
46.73.18-00.00|Оптова торгівля покривами на підлогу (крім килимів)|
46.74|Оптова торгівля металевими виробами, водопровідним та опалювальним устаткованням і приладдям до нього|
46.74.1|Оптова торгівля металевими виробами, водопровідним та опалювальним устаткованням і приладдям до нього|
46.74.11|Оптова торгівля металевими виробами|
46.74.11-00.00|Оптова торгівля металевими виробами|
46.74.12|Оптова торгівля водопровідним та опалювальним устаткованням і приладдям до нього|
46.74.12-00.00|Оптова торгівля водопровідним та опалювальним устаткованням і приладдям до нього|
46.74.13|Оптова торгівля ручним інструментом|
46.74.13-00.00|Оптова торгівля ручним інструментом|
46.75|Оптове торгівля хімічною продукцією|
46.75.1|Оптова торгівля хімічною продукцією|
46.75.11|Оптова торгівля добривами й агрохімічною продукцією|
46.75.11-00.00|Оптова торгівля добривами й агрохімічною продукцією|
46.75.12|Оптова торгівля промисловими хімічними речовинами|
46.75.12-00.00|Оптова торгівля промисловими хімічними речовинами|
46.76|Оптова торгівля іншими проміжними продуктами|
46.76.1|Оптова торгівля іншими проміжними продуктами|
46.76.11|Оптова торгівля папером і картоном|
46.76.11-00.00|Оптова торгівля папером і картоном|
46.76.12|Оптова торгівля текстильними волокнами|
46.76.12-00.00|Оптова торгівля текстильними волокнами|
46.76.13|Оптова торгівля пластмасами та ґумою в первинних формах|
46.76.13-00.00|Оптова торгівля пластмасами та ґумою в первинних формах|
46.76.19|Оптова торгівля проміжними продуктами, крім сільськогосподарських, н. в. і. у.|
46.76.19-00.00|Оптова торгівля проміжними продуктами, крім сільськогосподарських, н. в. і. у.|
46.77|Оптова торгівля відходами та брухтом|
46.77.1|Оптова торгівля відходами та брухтом|
46.77.10|Оптова торгівля відходами та брухтом|
46.77.10-00.00|Оптова торгівля відходами та брухтом|
46.9|Оптова торгівля неспеціалізована|
46.90|Оптова торгівля неспеціалізована|
46.90.1|Оптова торгівля неспеціалізована|
46.90.10|Оптова торгівля неспеціалізована|
46.90.10-00.00|Оптова торгівля неспеціалізована|
47|Послуги щодо роздрібної торгівлі, крім торгівлі автотранспортними засобами та мотоциклами|
47.0|Роздрібна торгівля, крім торгівлі автотранспортними засобами та мотоциклами|
47.00|Роздрібна торгівля, крім торгівлі автотранспортними засобами та мотоциклами|
47.00.1|Роздрібна торгівля фруктами, овочами, м'ясом, рибою, хлібопекарськими виробами, молочними продуктами та яйцями|
47.00.11|Роздрібна торгівля свіжими фруктами й овочами|
47.00.11-00.00|Роздрібна торгівля свіжими фруктами й овочами|
47.00.12|Роздрібна торгівля обробленими фруктами й овочами|
47.00.12-00.00|Роздрібна торгівля обробленими фруктами й овочами|
47.00.13|Роздрібна торгівля м'ясом|
47.00.13-00.00|Роздрібна торгівля м'ясом|
47.00.14|Роздрібна торгівля м'ясними продуктами|
47.00.14-00.00|Роздрібна торгівля м'ясними продуктами|
47.00.15|Роздрібна торгівля рибою, ракоподібними та молюсками|
47.00.15-00.00|Роздрібна торгівля рибою, ракоподібними та молюсками|
47.00.16|Роздрібна торгівля хлібопекарськими виробами|
47.00.16-00.00|Роздрібна торгівля хлібопекарськими виробами|
47.00.17|Роздрібна торгівля цукровими кондитерськими виробами|
47.00.17-00.00|Роздрібна торгівля цукровими кондитерськими виробами|
47.00.18|Роздрібна торгівля молочними продуктами|
47.00.18-00.00|Роздрібна торгівля молочними продуктами|
47.00.19|Роздрібна торгівля яйцями|
47.00.19-00.00|Роздрібна торгівля яйцями|
47.00.2|Роздрібна торгівля іншими харчовими продуктами та напоями, тютюновими виробами|
47.00.21|Роздрібна торгівля кавою, чаєм, какао та прянощами|
47.00.21-00.00|Роздрібна торгівля кавою, чаєм, какао та прянощами|
47.00.22|Роздрібна торгівля харчовими оліями й жирами|
47.00.22-00.00|Роздрібна торгівля харчовими оліями й жирами|
47.00.23|Роздрібна торгівля гомогенізованими готовими продуктами та дієтичними харчовими продуктами|
47.00.23-00.00|Роздрібна торгівля гомогенізованими готовими продуктами та дієтичними харчовими продуктами|
47.00.24|Роздрібна торгівля іншими харчовими продуктами, н. в. і. у.|
47.00.24-00.00|Роздрібна торгівля іншими харчовими продуктами, н. в. і. у.|
47.00.25|Роздрібна торгівля алкогольними напоями|
47.00.25-00.00|Роздрібна торгівля алкогольними напоями|
47.00.26|Роздрібна торгівля іншими напоями|
47.00.26-00.00|Роздрібна торгівля іншими напоями|
47.00.27|Роздрібна торгівля тютюновими виробами|
47.00.27-00.00|Роздрібна торгівля тютюновими виробами|
47.00.3|Роздрібна торгівля інформаційно-технологічним і комунікаційним устаткованням|
47.00.31|Роздрібна торгівля комп'ютерами, периферійними пристроями та програмними засобами|
47.00.31-00.00|Роздрібна торгівля комп'ютерами, периферійними пристроями та програмними засобами|
47.00.32|Роздрібна торгівля телекомунікаційним устаткованням|
47.00.32-00.00|Роздрібна торгівля телекомунікаційним устаткованням|
47.00.33|Роздрібна торгівля аудіо- та відеоустаткованням|
47.00.33-00.00|Роздрібна торгівля аудіо- та відеоустаткованням|
47.00.4|Роздрібна торгівля будівельними матеріалами та металевими виробами|
47.00.41|Роздрібна торгівля металевими виробами|
47.00.41-00.00|Роздрібна торгівля металевими виробами|
47.00.42|Роздрібна торгівля фарбами, лаками та емалями|
47.00.42-00.00|Роздрібна торгівля фарбами, лаками та емалями|
47.00.43|Роздрібна торгівля листовим склом|
47.00.43-00.00|Роздрібна торгівля листовим склом|
47.00.44|Роздрібна торгівля газонним і садовим устаткованням|
47.00.44-00.00|Роздрібна торгівля газонним і садовим устаткованням|
47.00.45|Роздрібна торгівля водопровідним та опалювальним устаткованням і приладдям до нього|
47.00.45-00.00|Роздрібна торгівля водопровідним та опалювальним устаткованням і приладдям до нього|
47.00.46|Роздрібна торгівля санітарно-технічним устаткованням|
47.00.46-00.00|Роздрібна торгівля санітарно-технічним устаткованням|
47.00.47|Роздрібна торгівля ручним інструментом|
47.00.47-00.00|Роздрібна торгівля ручним інструментом|
47.00.49|Роздрібна торгівля будівельними матеріалами, н. в. і. у.|
47.00.49-00.00|Роздрібна торгівля будівельними матеріалами, н. в. і. у.|
47.00.5|Роздрібна торгівля побутовими виробами|
47.00.51|Роздрібна торгівля текстилем|
47.00.51-00.00|Роздрібна торгівля текстилем|
47.00.52|Роздрібна торгівля шторами та тюлевими фіранками|
47.00.52-00.00|Роздрібна торгівля шторами та тюлевими фіранками|
47.00.53|Роздрібна торгівля паперовими шпалерами та покривами на підлогу, килимами та паласами|
47.00.53-00.00|Роздрібна торгівля паперовими шпалерами та покривами на підлогу, килимами та паласами|
47.00.54|Роздрібна торгівля електричними побутовими приладами|
47.00.54-00.00|Роздрібна торгівля електричними побутовими приладами|
47.00.55|Роздрібна торгівля меблями|
47.00.55-00.00|Роздрібна торгівля меблями|
47.00.56|Роздрібна торгівля освітлювальними приладами|
47.00.56-00.00|Роздрібна торгівля освітлювальними приладами|
47.00.57|Роздрібна торгівля дерев'яними виробами, виробами з корка та плетеними виробами|
47.00.57-00.00|Роздрібна торгівля дерев'яними виробами, виробами з корка та плетеними виробами|
47.00.58|Роздрібна торгівля музичними інструментами та нотами|
47.00.58-00.00|Роздрібна торгівля музичними інструментами та нотами|
47.00.59|Роздрібна торгівля столовим посудом, скляними виробами, порцеляновими/фарфоровими виробами, гончарними виробами, ножовими виробами та столовими приборами, неелектричними побутовими приладами, виробами й устаткованням, н. в. і. у.|
47.00.59-00.00|Роздрібна торгівля столовим посудом, скляними виробами, порцеляновими/фарфоровими виробами, гончарними виробами, ножовими виробами та столовими приборами, неелектричними побутовими приладами, виробами й устаткованням, н. в. і. у.|
47.00.6|Роздрібна торгівля виробами культурно-відпочинкової призначеності|
47.00.61|Роздрібна торгівля книжками|
47.00.61-00.00|Роздрібна торгівля книжками|
47.00.62|Роздрібна торгівля газетами та журналами|
47.00.62-00.00|Роздрібна торгівля газетами та журналами|
47.00.63|Роздрібна торгівля канцелярськими товарами|
47.00.63-00.00|Роздрібна торгівля канцелярськими товарами|
47.00.64|Роздрібна торгівля музичними записами та відеозаписами|
47.00.64-00.00|Роздрібна торгівля музичними записами та відеозаписами|
47.00.65|Роздрібна торгівля спортивним устаткованням|
47.00.65-00.00|Роздрібна торгівля спортивним устаткованням|
47.00.66|Роздрібна торгівля кемпінговим устаткованням|
47.00.66-00.00|Роздрібна торгівля кемпінговим устаткованням|
47.00.67|Роздрібна торгівля іграми та іграшками|
47.00.67-00.00|Роздрібна торгівля іграми та іграшками|
47.00.68|Роздрібна торгівля марками та монетами|
47.00.68-00.00|Роздрібна торгівля марками та монетами|
47.00.69|Роздрібна торгівля сувенірами та художніми виробами|
47.00.69-00.00|Роздрібна торгівля сувенірами та художніми виробами|
47.00.7|Роздрібна торгівля одягом, фармацевтичними та медичними виробами, предметами туалету, квітами, рослинами, домашніми тваринами та кормами для домашніх тварин|
47.00.71|Роздрібна торгівля одягом|
47.00.71-00.00|Роздрібна торгівля одягом|
47.00.72|Роздрібна торгівля взуттям|
47.00.72-00.00|Роздрібна торгівля взуттям|
47.00.73|Роздрібна торгівля шкіряними виробами та дорожніми речами|
47.00.73-00.00|Роздрібна торгівля шкіряними виробами та дорожніми речами|
47.00.74|Роздрібна торгівля фармацевтичними виробами|
47.00.74-00.00|Роздрібна торгівля фармацевтичними виробами|
47.00.75|Роздрібна торгівля медичними й ортопедичними виробами|
47.00.75-00.00|Роздрібна торгівля медичними й ортопедичними виробами|
47.00.76|Роздрібна торгівля косметичними товарами та предметами туалету|
47.00.76-00.00|Роздрібна торгівля косметичними товарами та предметами туалету|
47.00.77|Роздрібна торгівля квітами, рослинами та насінням|
47.00.77-00.00|Роздрібна торгівля квітами, рослинами та насінням|
47.00.78|Роздрібна торгівля добривами й агрохімічною продукцією|
47.00.78-00.00|Роздрібна торгівля добривами й агрохімічною продукцією|
47.00.79|Роздрібна торгівля домашніми тваринами та кормами для домашніх тварин|
47.00.79-00.00|Роздрібна торгівля домашніми тваринами та кормами для домашніх тварин|
47.00.8|Роздрібна торгівля автомобільним пальним та іншими новими товарами, н. в. і. у.|
47.00.81|Роздрібна торгівля автомобільним пальним|
47.00.81-00.00|Роздрібна торгівля автомобільним пальним|
47.00.82|Роздрібна торгівля годинниками та ювелірними виробами|
47.00.82-00.00|Роздрібна торгівля годинниками та ювелірними виробами|
47.00.83|Роздрібна торгівля фотографічним, оптичним і прецизійним устаткованням, послуги оптиків|
47.00.83-00.00|Роздрібна торгівля фотографічним, оптичним і прецизійним устаткованням, послуги оптиків|
47.00.84|Роздрібна торгівля засобами для чищення|
47.00.84-00.00|Роздрібна торгівля засобами для чищення|
47.00.85|Роздрібна торгівля побутовим паливом, газом у балонах, вугіллям і дровами|
47.00.85-00.00|Роздрібна торгівля побутовим паливом, газом у балонах, вугіллям і дровами|
47.00.86|Роздрібна торгівля нехарчовими спожитковими товарами, н. в. і. у.|
47.00.88-00.00|Роздрібна торгівля нехарчовими спожитковими товарами, н. в. і. у.|
47.00.87|Роздрібна торгівля сільськогосподарською сировиною, н. в. і. у.|
47.00.87-00.00|Роздрібна торгівля сільськогосподарською сировиною, н. в. і. у.|
47.00.88|Роздрібна торгівля машинами й устаткованням, н. в. і. у.|
47.00.88-00.00|Роздрібна торгівля машинами й устаткованням, н. в. і. у.|
47.00.89|Роздрібна торгівля нехарчовими неспожитковими товарами, н. в. і. у.|
47.00.89-00.00|Роздрібна торгівля нехарчовими неспожитковими товарами, н. в. і. у.|
47.00.9|Роздрібна торгівля товарами, що були у використанні|
47.00.91|Роздрібна торгівля антикваріатом|
47.00.91-00.00|Роздрібна торгівля антикваріатом|
47.00.92|Роздрібна торгівля книжками, що були у використанні|
47.00.92-00.00|Роздрібна торгівля книжками, що були у використанні|
47.00.99|Роздрібна торгівля іншими товарами, що були у використанні|
47.00.99-00.00|Роздрібна торгівля іншими товарами, що були у використанні|