Секція B|ПРОДУКЦІЯ ДОБУВАННЯ КОРИСНИХ КОПАЛИН І РОЗРОБЛЯННЯ КАР'ЄРІВ|
5|Вугілля кам'яне та буре вугілля (лігніт)|
05.Jan|Вугілля кам'яне|
05.Oct|Вугілля кам'яне|
05.10.2001|Вугілля кам'яне|
05.10.2010|Вугілля кам'яне|
05.10.10-00.00|Вугілля кам'яне|2701 11,2701 12,2701 19 00 00
05.Feb|Вугілля буре (лігніт)|
May.20|Вугілля буре (лігніт)|
05.20.1|Вугілля буре (лігніт)|
05.20.10|Вугілля буре (лігніт)|
05.20.10-00.00|Вугілля буре (лігніт)|2702 10 00 00
6|Нафта сира та природний газ|
06.Jan|Нафта сира|
06.Oct|Нафта сира|
06.10.2001|Нафта та нафтопродукти сирі, одержані з бітумінозних мінералів|
06.10.2010|Нафта та нафтопродукти сирі, одержані з бітумінозних мінералів|
06.10.10-00.00|Нафта та нафтопродукти сирі, одержані з бітумінозних мінералів|2709 00
06.10.2002|Сланці бітумінозні чи нафтоносні та бітумінозні пісковики|
06.10.2020|Сланці бітумінозні чи нафтоносні та бітумінозні пісковики|
06.10.20-00.00|Сланці бітумінозні чи нафтоносні та бітумінозні пісковики|2714 10 00 00
06.Feb|Газ природний, скраплений або в газоподібному стані|
Jun.20|Газ природний, скраплений або в газоподібному стані|
06.20.1|Газ природний, скраплений або в газоподібному стані|
06.20.10|Газ природний, скраплений або в газоподібному стані|
06.20.10-00.00|Газ природний, скраплений або в газоподібному стані|2711 11 00 00,2711 21 00 00
7|Руди металеві|
07.Jan|Руди залізні|
07.Oct|Руди залізні|
07.10.2001|Руди залізні|
07.10.2010|Руди залізні|
07.10 10-00.00|Руди залізні|2601 11 00,2601 12 00
07.Feb|Руди кольорових металів|
Jul.21|Руди уранові та торієві|
07.21.1|Руди уранові та торієві|
07.21.10|Руди уранові та торієві|
07.21.10-00.00|Руди уранові та торієві|2612
Jul.29|Руди та концентрати кольорових металів; інші|
07.29.1|Руди та концентрати кольорових металів, інші|
07.29.11|Руди та концентрати мідні|
07.29.11-00.00|Руди та концентрати мідні|2603 00 00 00
07.29.12|Руди та концентрати нікелеві|
07.29.12-00.00|Руди та концентрати нікелеві|2604 00 00 00
07.29.13|Руди та концентрати алюмінієві|
07.29 13-00.00|Руди та концентрати алюмінієві|2606 00 00 00
07.29.14|Руди та концентрати дорогоцінних металів|
07.29.14-00.00|Руди та концентрати дорогоцінних металів|2616
07.29.15|Руди та концентрати свинцеві, цинкові та олов'яні|
07.29.15-00.00|Руди та концентрати свинцеві, цинкові та олов'яні|2607 00 00 00,2608 00 00 00,2609 00 00 00
07.29.19|Руди та концентрати кольорових металів, інші, н. в. і. у.|
07.29.19-00.00|Руди та концентрати кольорових металів, інші, н. в. і. у.|2602 00 00 00,2605 00 00 00,2610 00 00 00,2611 00 00 00,2613 26 14 00,2615,2617
8|Продукція добування корисних копалин і розробляння кар'єрів, інша|
08.Jan|Камінь, пісок і глина|
08.Nov|Камінь декоративний чи будівельний, вапняк, гіпс, крейда та сланець|
08.11.2001|Камінь декоративний чи будівельний|
08.11.2011|Мармур та інші вапнякові камені для декорування чи будівництва|
08.11.11-33.00|Мармур і травертин, необроблені або начорно оброблені|2515 11 00
08.11.11-36.00|Мармур і травертин, розрізані на прямокутні чи квадратні блоки або плити|2515 12 20,2515 12 50,2515 12 90
08.11.11-50.00|Екаусин та інші вапнякові камені для монументів чи будівництва з позірною питомою вагою не менше ніж 2,5|2515 20 00
08.11.2012|Граніт, пісковик та інший декоративний чи будівельний камінь|
08.11.12-33.00|Граніт, необроблений або начорно оброблений|2516 11 00
08.11.12-36.00|Граніт, розрізаний на прямокутні (зокрема квадратні) блоки або плити|2516 12 10,2516 12 90
08.11.12-50.00|Пісковик|2516 20 00
08.11.12-90.00|Порфір, базальт, кварцити та інший камінь для монументів чи будівництва, необроблений, начорно оброблений, лише розрізаний (крім вапнякового каменю для монументів чи будівництва з позірною питомою вагою більше ніж 2,5, а також крім граніту та пісковику)|2506 20 00,2516 90 00
08.11.2002|Вапняк і гіпс|
08.11.2020|Вапняк і гіпс|
08.11.20-30.00|Гіпс і ангідрит|2520 10 00 00
08.11.20-50.00|Флюс вапняковий, вапняк та інший вапняковий камінь, що його використовують для виготовлення вапна чи цементу (крім заповнювача з дробленого вапняку та штучного вапнякового каменю)|2521 00 00 00
08.11.2003|Крейда та некальцинований доломіт|
08.11.1930|Крейда та некальцинований доломіт|
08.11.30-10.00|Крейда|2509 00 00 00
08.11.30-30.00|Доломіт, необроблений, начорно оброблений або розрізаний на прямокутні чи квадратні блоки або плити (крім заповнювача з кальцинованого, дробленого доломіту, агломерованого доломіту та дробленого доломіту для мостіння шосейних доріг чи залізничних колій, або як інші види баласту)|2518 10 00 00
08.11.2004|Сланець|
08.11.1940|Сланець|
08.11.40-00.00|Сланець|2514 00 00 00
08.Dec|Гравій, пісок, глина та каолін|
08.12.2001|Гравій та пісок|
08.12.2011|Піски природні|
08.12.11-50.00|Піски кремнеземні (піски кварцові чи піски для промисловості)|2505 10 00 00
08.12.11-90.00|Піски будівельні, зокрема піски глинисті; піски каолінові; піски польовошпатові (крім пісків кремнеземних, пісків металоносних)|2505 90 00 00
08.12.2012|Гранули, дрібняк і порошок; галька, гравій|
08.12.12-10.00|Гравій, галька, використовувані як наповнювач до бетону, як баласт для мостіння шосейних доріг чи залізничних колій або як інші види баласту; щебінь і подрібнене каміння|2517 10 10 00
08.12.12-30.00|Камінь дроблений, використовуваний як наповнювач бетону, як бруковий камінь і для іншого будівельного використання (крім гравію, гальки, щебеню та подрібненого каміння)|2517 10 20 00,2517 10 80 00
08.12.12-50.00|Гранули, дрібняк і порошок з мармуру|2517 41 00 00
08.12.12-90.00|Гранули, дрібняк і порошок з травертину; екаусин; граніт; порфір; базальт; пісковик та інший камінь для монументів|2517 49 00 00
08.12.2013|Суміші шлаку й подібних промислових відходів, з умістом або без умісту гальки, гравію, щебеню та подрібненого каміння, для будівництва|
08.12.13-00.00|Суміші шлаку й подібних промислових відходів, з умістом або без умісту гальки, гравію, щебеню та подрібненого каміння, для будівництва|2517 20 00 00
08.12.2002|Глина та каолін|
08.12.2021|Каолін та інші каолінові глини|
08.12.21-40.00|Каолін|2507 00 20
08.12.21-60.00|Глини каолінові, інші|2507 00 80
08.12.2022|Глини, інші, андалузит, кіаніт і силіманіт; муліт; землі шамотні чи динасові|
08.12.22-10.00|Бентоніт|2508 10 00 00
08.12.22-30.00|Глини вогнетривкі|2508 10 00 00
08.12.22-50.00|Глини та породи глинисті звичайні, для будівництва (крім бентоніту, глини вогнетривкої, глин здутих, каоліну та глин каолінових); андалузит, кіаніт і силіманіт; муліт; землі шамотні чи динасові|2508 40 00 00,2508 50 00 00,2508 60 00 00,2508 70 00 00
08.Sep|Продукція добування корисних копалин і розробляння кар'єрів, н. в. і. у.|
Aug.91|Мінерали для хімічної промисловості чи виробництва добрив|
08.91.1|Мінерали для хімічної промисловості чи виробництва добрив|
08.91.11|Фосфати кальцію, фосфати алюмінієво-кальцієві природні|
08.91.11-00.00|Фосфати кальцію, фосфати алюмінієво-кальцієві природні|2510
08.91.12|Пірит необпалений; сірка необроблена чи нерафінована|
08.91.12-00.00|Пірит необпалений; сірка необроблена чи нерафінована|2502 00 00 00,2503 00 10 00
08.91.19|Мінерали для хімічної промисловості чи виробництва добрив, інші|
08.91.19-00.00|Мінерали для хімічної промисловості чи виробництва добрив, інші|2511,2528,2529 21 00 00,2529 22 00 00,2530 20 00 00,2530 90
Aug.92|Торф|
08.92.1|Торф|
08.92.10|Торф|
08.92.10-00.00|Торф|2703 00 00 00
Aug.93|Сіль і чистий хлорид натрію; вода морська та сольові розчини|
08.93.1|Сіль і чистий хлорид натрію; вода морська та сольові розчини|
08.93.10|Сіль і чистий хлорид натрію; вода морська та сольові розчини|
08.93.10-00.00|Сіль і чистий хлорид натрію; вода морська та сольові розчини|2501 00 10 00,2501 00 31 00,2501 00 51 00,2501 00 99 00
Aug.99|Продукція гірничодобувної промисловості та розробляння кар'єрів, інша, н. в. і. у.|
08.99.1|Бітум і асфальт природні; асфальтити та асфальтові породи|
08.99.10|Бітум і асфальт природні; асфальтити та асфальтові породи|
08.99.10-00.00|Бітум і асфальт природні; асфальтити та асфальтові породи|2714 90 00 00
08.99.2|Каміння дорогоцінне та напівдорогоцінне, алмази промислові, необроблені чи лише розпиляні, або грубосформовані; пемза; наждак; корунд природний, гранат природний та інші природні абразивні матеріали; інші мінерали|
08.99.21|Каміння дорогоцінне та напівдорогоцінне (крім алмазів промислових), необроблене чи лише розпиляне, або грубосформоване|
08.99.21-00.00|Каміння дорогоцінне та напівдорогоцінне (крім алмазів промислових), необроблене чи лише розпиляне, або грубосформоване|7102 10 00 00,7102 31 00 00,7103 10 00 00
08.99.22|Алмази промислові; пемза; наждак; корунд природний, гранат природний та інші природні абразивні матеріали|
08.99.22-00.00|Алмази промислові; пемза; наждак; корунд природний, гранат природний та інші природні абразивні матеріали|2513 10 00 00,2513 20 00 00,7102 21 00 00
08.99.29|Мінерали, інші|
08.99.29-00.00|Мінерали, інші|2504 10 00,2504 90 00,2506 10 00 00,2512 00 00 00,251910 00 00,2519 90,2524 10 00,2524 90 00,2525 10 00,2525 20 00,2525 30 00,2526 10 00,2526 20 00,2529 10 00,2529 30 00,2530 10 10,2530 10 90,2621 90 00
9|Послуги допоміжні щодо добування корисних копалин і розробляння кар'єрів|
09.Jan|Послуги допоміжні щодо добування нафти та природного газу|
09.Oct|Послуги допоміжні щодо добування нафти та природного газу|
09.10.2001|Послуги допоміжні щодо добування нафти та природного газу|
09.10.2011|Буріння для добування нафти та природного газу|
09.10.11-00.00|Буріння для добування нафти та природного газу|
09.10.2012|Монтування, ремонтування та демонтування бурильних установок, пов'язані з цим допоміжні послуги для добування нафти та природного газу|
09.10.12-00.00|Монтування, ремонтування та демонтування бурильних установок, пов'язані з цим допоміжні послуги для добування нафти та природного газу|
09.10.2013|Послуги щодо скраплювання та регазифікування природного газу для транспортування, що їх надають на місці добування|
09.10.13-00.00|Послуги щодо скраплювання та регазифікування природного газу для транспортування, що їх надають на місці добування|
09.Sep|Послуги допоміжні щодо добування інших корисних копалин і розробляння кар'єрів|
Sep.90|Послуги допоміжні щодо добування інших корисних копалин і розробляння кар'єрів|
09.90.1|Послуги допоміжні щодо добування інших корисних копалин і розробляння кар'єрів|
09.90.11|Послуги допоміжні щодо добування кам'яного вугілля|
09.90.11-00.00|Послуги допоміжні щодо добування кам'яного вугілля|
09.90.19|Послуги допоміжні щодо добування інших корисних копалин і розробляння кар'єрів, н. в. і. у.|
09.90.19-00.00|Послуги допоміжні щодо добування інших корисних копалин і розробляння кар'єрів, н. в. і. у.|