Секція U|ПОСЛУГИ ЕКСТЕРИТОРІАЛЬНИХ ОРГАНІЗАЦІЙ І ОРГАНІВ|
99|Послуги екстериторіальних організацій і органів|
99.0|Послуги екстериторіальних організацій і органів|
99.00|Послуги екстериторіальних організацій і органів|
99.00.1|Послуги екстериторіальних організацій і органів|
99.00.10|Послуги екстериторіальних організацій і органів|
99.00.10-00.00|Послуги екстериторіальних організацій і органів|