Секція I|ПОСЛУГИ ЩОДО ТИМЧАСОВОГО РОЗМІЩУВАННЯ ТА ЗАБЕЗПЕЧУВАННЯ ХАРЧУВАННЯМ|
55|Послуги щодо тимчасового розміщування|
55.1|Послуги готелів і подібних засобів тимчасового розміщування|
55.10|Послуги готелів і подібних засобів тимчасового розміщування|
55.10.1|Послуги щодо тимчасового розміщування відвідувачів у кімнатах або житлових одиницях, зі щоденним обслуговуванням (крім за умов сумісного користування в режимі розподіляння часу (таймшеру))|
55.10.10|Послуги щодо тимчасового розміщування відвідувачів у кімнатах або житлових одиницях, зі щоденним обслуговуванням (крім за умов сумісного користування в режимі розподіляння часу (таймшеру))|
55.10.10-00.00|Послуги щодо тимчасового розміщування відвідувачів у кімнатах або житлових одиницях, зі щоденним обслуговуванням (крім за умов сумісного користування в режимі розподіляння часу (таймшеру))|
55.2|Послуги щодо тимчасового розміщування під час відпусток та інші послуги щодо тимчасового розміщування|
55.20|Послуги щодо тимчасового розміщування під час відпусток та інші послуги щодо тимчасового розміщування|
55.20.1|Послуги щодо тимчасового розміщування під час відпусток та інші послуги щодо тимчасового розміщування|
55.20.11|Послуги щодо тимчасового розміщування відвідувачів у кімнатах або житлових одиницях молодіжних готелей і літніх будинків|
55.20.11-00.00|Послуги щодо тимчасового розміщування відвідувачів у кімнатах або житлових одиницях молодіжних готелей і літніх будинків|
55.20.12|Послуги щодо тимчасового розміщування відвідувачів у кімнатах або житлових одиницях на об'єктах нерухомості за умов сумісного користування в режимі розподіляння часу (таймшеру)|
55.20.12-00.00|Послуги щодо тимчасового розміщування відвідувачів у кімнатах або житлових одиницях на об'єктах нерухомості за умов сумісного користування в режимі розподіляння часу (таймшеру)|
55.20.19|Послуги щодо тимчасового розміщування відвідувачів у кімнатах або житлових одиницях, без щоденного обслуговування, інші|
55.20.19-00.00|Послуги щодо тимчасового розміщування відвідувачів у кімнатах або житлових одиницях, без щоденного обслуговування, інші|
55.3|Послуги кемпінгів, стоянок відпочинкових транспортних засобів і причепів|
55.30|Послуги кемпінгів, стоянок відпочинкових транспортних засобів і причепів|
55.30.1|Послуги кемпінгів, стоянок відпочинкових транспортних засобів і причепів|
55.30.11|Послуги кемпінгів|
55.30.11-00.00|Послуги кемпінгів|
55.30.12|Послуги стоянок відпочинкових транспортних засобів і причепів|
55.30.12-00.00|Послуги стоянок відпочинкових транспортних засобів і причепів|
55.9|Послуги щодо тимчасового розміщування, інші|
55.90|Послуги щодо тимчасового розміщування, інші|
55.90.1|Послуги щодо тимчасового розміщування, інші|
55.90.11|Послуги щодо тимчасового розміщування учнів у кімнатах або житлових одиницях студентських гуртожитків і шкільних інтернатів|
55.90.11-00.00|Послуги щодо тимчасового розміщування учнів у кімнатах або житлових одиницях студентських гуртожитків і шкільних інтернатів|
55.90.12|Послуги щодо тимчасового розміщування робочих у робочих гуртожитках або таборах|
55.90.12-00.00|Послуги щодо тимчасового розміщування робочих у робочих гуртожитках або таборах|
55.90.13|Послуги щодо тимчасового розміщування в спальних вагонах і подібні послуги в інших транспортних засобах|
55.90.13-00.00|Послуги щодо тимчасового розміщування в спальних вагонах і подібні послуги в інших транспортних засобах|
55.90.19|Послуги щодо тимчасового розміщування, інші, н. в. і. у.|
55.90.19-00.00|Послуги щодо тимчасового розміщування, інші, н. в. і. у.|
56|Послуги щодо подавання страв і напоїв|
56.1|Послуги ресторанів і пунктів швидкого харчування|
56.10|Послуги ресторанів і пунктів швидкого харчування|
56.10.1|Послуги ресторанів і пунктів швидкого харчування|
56.10.11|Послуги щодо подавання страв з повним ресторанним обслуговуванням|
56.10.11-00.00|Послуги щодо подавання страв з повним ресторанним обслуговуванням|
56.10.12|Послуги щодо подавання страв у залізничних вагонах-ресторанах і на борту суден|
56.10.12-00.00|Послуги щодо подавання страв у залізничних вагонах-ресторанах і на борту суден|
56.10.13|Послуги щодо подавання страв у закладах самообслуговування|
56.10.13-00.00|Послуги щодо подавання страв у закладах самообслуговування|
56.10.19|Послуги щодо подавання страв, інші|
56.10.19-00.00|Послуги щодо подавання страв, інші|
56.2|Послуги щодо виїзного ресторанного обслуговування (кейтерінгу) та інші послуги щодо забезпечення харчуванням|
56.21|Послуги щодо виїзного ресторанного обслуговування (кейтерінгу)|
56.21.1|Послуги щодо виїзного ресторанного обслуговування (кейтерінгу)|
56.21.11|Послуги щодо виїзного ресторанного обслуговування (кейтерінгу) для приватних господарств|
56.21.11-00.00|Послуги щодо виїзного ресторанного обслуговування (кейтерінгу) для приватних господарств|
56.21.19|Послуги щодо виїзного ресторанного обслуговування (кейтерінгу), інші|
56.21.19-00.00|Послуги щодо виїзного ресторанного обслуговування (кейтерінгу), інші|
56.29|Послуги щодо забезпечення харчуванням, інші|
56.29.1|Послуги щодо забезпечення харчуванням за контрактом|
56.29.11|Послуги щодо забезпечення харчуванням за контрактом для транспортних підприємств|
56.29.11-00.00|Послуги щодо забезпечення харчуванням за контрактом для транспортних підприємств|
56.29.19|Послуги щодо забезпечення харчуванням за контрактом, інші|
56.29.19-00.00|Послуги щодо забезпечення харчуванням за контрактом, інші|
56.29.2|Послуги їдалень|
56.29.20|Послуги їдалень|
56.29.20-00.00|Послуги їдалень|
56.3|Послуги щодо подавання напоїв|
56.30|Послуги щодо подавання напоїв|
56.30.1|Послуги щодо подавання напоїв|
56.30.10|Послуги щодо подавання напоїв|
56.30.10-00.00|Послуги щодо подавання напоїв|