Секція D|ЕНЕРГІЯ ЕЛЕКТРИЧНА, ГАЗ, ПАРА ТА КОНДИЦІЙОВАНЕ ПОВІТРЯ|
35|Енергія електрична, газ, пара та кондиційоване повітря|
35.1|Енергія електрична, послуги щодо передавання та розподіляння електричної енергії|
35.11|Енергія електрична|
35.11.1|Енергія електрична|
35.11.10|Енергія електрична|
35.11.10-00.00|Енергія електрична|2716 00 00
35.12|Передавання електричної енергії|
35.12.1|Передавання електричної енергії|
35.12.10|Передавання електричної енергії|
35.12.10-00.00|Передавання електричної енергії|
35.13|Розподіляння електричної енергії|
35.13.1|Розподіляння електричної енергії|
35.13.10|Розподіляння електричної енергії|
35.13.10-00.00|Розподіляння електричної енергії|
35.14|Торгівля електричною енергію|
35.14.1|Торгівля електричною енергію|
35.14.10|Торгівля електричною енергію|
35.14.10-00.00|Торгівля електричною енергію|
35.2|Газ вироблений; послуги щодо розподіляння газоподібного палива трубопроводами|
35.21|Газ вироблений|
35.21.1|Газ кам'яновугільний, водяний, генераторний і подібні види газів, крім нафтових газів|
35.21.10|Газ кам'яновугільний, водяний, генераторний і подібні види газів, крім нафтових газів|
35.21.10-00.00|Газ кам'яновугільний, водяний, генераторний і подібні види газів, крім нафтових газів|2705 00 00
35.22|Розподіляння газоподібного палива трубопроводами|
35.22.1|Розподіляння газоподібного палива трубопроводами|
35.22.10|Розподіляння газоподібного палива трубопроводами|
35.22.10-00.00|Розподіляння газоподібного палива трубопроводами|
35.23|Торгівля газом, подаваним трубопроводами|
35.23.1|Торгівля газом, подаваним трубопроводами|
35.23.10|Торгівля газом, подаваним трубопроводами|
35.23.10-00.00|Торгівля газом, подаваним трубопроводами|
35.3|Послуги щодо постачання пари та кондиційованого повітря|
35.30|Постачання пари та кондиційованого повітря|
35.30.1|Пара та гаряча вода; постачання пари та гарячої води|
35.30.11|Пара та гаряча вода|
35.30.11-00.00|Пара та гаряча вода|
35.30.12|Постачання пари та гарячої води трубопроводами|
35.30.12-00.00|Постачання пари та гарячої води трубопроводами|
35.30.2|Лід; постачання охолодженого повітря та охолодженої води|
35.30.21|Лід, зокрема лід для цілей охолоджування (тобто нехарчової призначеності)|
35.30.21-00.00|Лід, зокрема лід для цілей охолоджування (тобто нехарчової призначеності)|
35.30.22|Постачання охолодженого повітря та охолодженої води|
35.30.22-00.00|Постачання охолодженого повітря та охолодженої води|